{
    "name": "RetailDFModel_PriceOptimizationPipeline",
    "properties": {
      "description": "Retail Price Optimization Pipeline with Model Training (weekly)",
      "activities": [
        {
          "type": "HDInsightSpark",
          "typeProperties": {
            "rootPath": "adflibs",
            "entryFilePath": "Sales_Data_Aggregation_2.0_blob.py",
            "arguments": [ "<Replace with Storage Account Name noted in step 2>" ],
            "getDebugInfo": "Always"
          },
          "outputs": [
            {
              "name": "BlobStoreAggOutput"
            }
          ],
          "policy": {
            "timeout": "00:30:00",
            "concurrency": 1,
            "retry": 1
          },
          "scheduler": {
            "frequency": "Hour",
            "interval": 1
          },
          "name": "AggDataSparkJob",
          "description": "Submits a Spark Job",
          "linkedServiceName": "HDInsightLinkedService"
        },
        {
          "type": "HDInsightSpark",
          "typeProperties": {
            "rootPath": "adflibs",
            "entryFilePath": "Demand_Forecasting_Model_Training_First_Time_Pipeline_2.0_blob.py",
            "arguments": [ "<Replace with Storage Account Name noted in step 2>" ],
            "getDebugInfo": "Always"
          },
          "inputs": [
            {
              "name": "BlobStoreAggOutput"
            }
          ],
          "outputs": [
            {
              "name": "BlobStoreDFModelOutput"
            }
          ],
          "policy": {
            "timeout": "00:30:00",
            "concurrency": 1,
            "retry": 1
          },
          "scheduler": {
            "frequency": "Hour",
            "interval": 1
          },
          "name": "DFModelSparkJob",
          "description": "Submits a Spark Job",
          "linkedServiceName": "HDInsightLinkedService"
        },
        {
          "type": "HDInsightSpark",
          "typeProperties": {
            "rootPath": "adflibs",
            "entryFilePath": "Price_Optimization_2.0_blob.py",
            "arguments": [ "<Replace with Storage Account Name noted in step 2>" ],
            "getDebugInfo": "Always"
          },
          "inputs": [
            {
              "name": "BlobStoreDFModelOutput"
            }
          ],
          "outputs": [
            {
              "name": "BlobStorePriceOptOutput"
            }
          ],
          "policy": {
            "timeout": "00:30:00",
            "concurrency": 1,
            "retry": 1
          },
          "scheduler": {
            "frequency": "Hour",
            "interval": 1
          },
          "name": "PriceOptSparkJob",
          "description": "Submits a Spark Job",
          "linkedServiceName": "HDInsightLinkedService"
        }
      ],
    "start": "<start-time>",
    "end": "<end-time>",
    "isPaused": false,
    "pipelineMode": "Scheduled"
  }
}