{
    "PriceDate": "2018-04-03 00:00:00",
    "PriceUpdates": [
        {
            "Price": 13.32,
            "ProductID": "1_1"
        },
        {
            "Price": 14.18,
            "ProductID": "1_2"
        },
        {
            "Price": 18.02,
            "ProductID": "1_3"
        },
        {
            "Price": 12.56,
            "ProductID": "2_1"
        },
        {
            "Price": 16.46,
            "ProductID": "2_2"
        },
        {
            "Price": 22.79,
            "ProductID": "2_3"
        },
        {
            "Price": 9.92,
            "ProductID": "3_1"
        },
        {
            "Price": 9.95,
            "ProductID": "3_2"
        },
        {
            "Price": 17.01,
            "ProductID": "3_3"
        },
        {
            "Price": 18.05,
            "ProductID": "4_1"
        },
        {
            "Price": 8.18,
            "ProductID": "4_2"
        },
        {
            "Price": 20.53,
            "ProductID": "4_3"
        },
        {
            "Price": 22.95,
            "ProductID": "5_1"
        },
        {
            "Price": 16.31,
            "ProductID": "5_2"
        },
        {
            "Price": 12.07,
            "ProductID": "5_3"
        },
        {
            "Price": 12.68,
            "ProductID": "6_1"
        },
        {
            "Price": 15.9,
            "ProductID": "6_2"
        },
        {
            "Price": 17.64,
            "ProductID": "6_3"
        },
        {
            "Price": 18.09,
            "ProductID": "7_1"
        },
        {
            "Price": 19.07,
            "ProductID": "7_2"
        },
        {
            "Price": 9.75,
            "ProductID": "7_3"
        },
        {
            "Price": 12.71,
            "ProductID": "8_1"
        },
        {
            "Price": 16.56,
            "ProductID": "8_2"
        },
        {
            "Price": 7.37,
            "ProductID": "8_3"
        },
        {
            "Price": 7.19,
            "ProductID": "9_1"
        },
        {
            "Price": 7.61,
            "ProductID": "9_2"
        },
        {
            "Price": 14.73,
            "ProductID": "9_3"
        },
        {
            "Price": 16.14,
            "ProductID": "10_1"
        },
        {
            "Price": 14.52,
            "ProductID": "10_2"
        },
        {
            "Price": 16.18,
            "ProductID": "10_3"
        },
        {
            "Price": 17.95,
            "ProductID": "11_1"
        },
        {
            "Price": 17.07,
            "ProductID": "11_2"
        },
        {
            "Price": 14.85,
            "ProductID": "11_3"
        },
        {
            "Price": 13.16,
            "ProductID": "12_1"
        },
        {
            "Price": 16.9,
            "ProductID": "12_2"
        },
        {
            "Price": 2.58,
            "ProductID": "12_3"
        },
        {
            "Price": 11.15,
            "ProductID": "13_1"
        },
        {
            "Price": 14.71,
            "ProductID": "13_2"
        },
        {
            "Price": 9.78,
            "ProductID": "13_3"
        },
        {
            "Price": 13.8,
            "ProductID": "14_1"
        },
        {
            "Price": 13.34,
            "ProductID": "14_2"
        },
        {
            "Price": 24.83,
            "ProductID": "14_3"
        },
        {
            "Price": 14.53,
            "ProductID": "15_1"
        },
        {
            "Price": 10.97,
            "ProductID": "15_2"
        },
        {
            "Price": 22.54,
            "ProductID": "15_3"
        },
        {
            "Price": 16.06,
            "ProductID": "16_1"
        },
        {
            "Price": 13.5,
            "ProductID": "16_2"
        },
        {
            "Price": 12.98,
            "ProductID": "16_3"
        },
        {
            "Price": 15.12,
            "ProductID": "17_1"
        },
        {
            "Price": 18.42,
            "ProductID": "17_2"
        },
        {
            "Price": 17.68,
            "ProductID": "17_3"
        },
        {
            "Price": 16.32,
            "ProductID": "18_1"
        },
        {
            "Price": 18.87,
            "ProductID": "18_2"
        },
        {
            "Price": 8.17,
            "ProductID": "18_3"
        },
        {
            "Price": 6.63,
            "ProductID": "19_1"
        },
        {
            "Price": 12.33,
            "ProductID": "19_2"
        },
        {
            "Price": 21.41,
            "ProductID": "19_3"
        },
        {
            "Price": 9.5,
            "ProductID": "20_1"
        },
        {
            "Price": 13.56,
            "ProductID": "20_2"
        },
        {
            "Price": 27.18,
            "ProductID": "20_3"
        }
    ],
    "StoreID": 3
}