{
    "PriceDate": "2018-06-05 00:00:00",
    "PriceUpdates": [
        {
            "Price": 13.79,
            "ProductID": "1_1"
        },
        {
            "Price": 18.18,
            "ProductID": "1_2"
        },
        {
            "Price": 18.88,
            "ProductID": "1_3"
        },
        {
            "Price": 17.28,
            "ProductID": "2_1"
        },
        {
            "Price": 19.23,
            "ProductID": "2_2"
        },
        {
            "Price": 22.37,
            "ProductID": "2_3"
        },
        {
            "Price": 11.66,
            "ProductID": "3_1"
        },
        {
            "Price": 17.08,
            "ProductID": "3_2"
        },
        {
            "Price": 14.28,
            "ProductID": "3_3"
        },
        {
            "Price": 14.02,
            "ProductID": "4_1"
        },
        {
            "Price": 11.44,
            "ProductID": "4_2"
        },
        {
            "Price": 21.04,
            "ProductID": "4_3"
        },
        {
            "Price": 18.06,
            "ProductID": "5_1"
        },
        {
            "Price": 12.92,
            "ProductID": "5_2"
        },
        {
            "Price": 6.3,
            "ProductID": "5_3"
        },
        {
            "Price": 12.13,
            "ProductID": "6_1"
        },
        {
            "Price": 22.39,
            "ProductID": "6_2"
        },
        {
            "Price": 16.11,
            "ProductID": "6_3"
        },
        {
            "Price": 22.01,
            "ProductID": "7_1"
        },
        {
            "Price": 14.32,
            "ProductID": "7_2"
        },
        {
            "Price": 16.18,
            "ProductID": "7_3"
        },
        {
            "Price": 16.16,
            "ProductID": "8_1"
        },
        {
            "Price": 17.68,
            "ProductID": "8_2"
        },
        {
            "Price": 14.43,
            "ProductID": "8_3"
        },
        {
            "Price": 11.09,
            "ProductID": "9_1"
        },
        {
            "Price": 7.78,
            "ProductID": "9_2"
        },
        {
            "Price": 17.47,
            "ProductID": "9_3"
        },
        {
            "Price": 19.72,
            "ProductID": "10_1"
        },
        {
            "Price": 12.75,
            "ProductID": "10_2"
        },
        {
            "Price": 8.53,
            "ProductID": "10_3"
        },
        {
            "Price": 15.35,
            "ProductID": "11_1"
        },
        {
            "Price": 14.19,
            "ProductID": "11_2"
        },
        {
            "Price": 17.28,
            "ProductID": "11_3"
        },
        {
            "Price": 20.74,
            "ProductID": "12_1"
        },
        {
            "Price": 15.18,
            "ProductID": "12_2"
        },
        {
            "Price": 7.85,
            "ProductID": "12_3"
        },
        {
            "Price": 8.64,
            "ProductID": "13_1"
        },
        {
            "Price": 14.78,
            "ProductID": "13_2"
        },
        {
            "Price": 14.48,
            "ProductID": "13_3"
        },
        {
            "Price": 15.4,
            "ProductID": "14_1"
        },
        {
            "Price": 18.41,
            "ProductID": "14_2"
        },
        {
            "Price": 11.78,
            "ProductID": "14_3"
        },
        {
            "Price": 16.0,
            "ProductID": "15_1"
        },
        {
            "Price": 12.48,
            "ProductID": "15_2"
        },
        {
            "Price": 15.62,
            "ProductID": "15_3"
        },
        {
            "Price": 14.27,
            "ProductID": "16_1"
        },
        {
            "Price": 7.94,
            "ProductID": "16_2"
        },
        {
            "Price": 12.54,
            "ProductID": "16_3"
        },
        {
            "Price": 14.49,
            "ProductID": "17_1"
        },
        {
            "Price": 17.99,
            "ProductID": "17_2"
        },
        {
            "Price": 14.71,
            "ProductID": "17_3"
        },
        {
            "Price": 16.02,
            "ProductID": "18_1"
        },
        {
            "Price": 9.33,
            "ProductID": "18_2"
        },
        {
            "Price": 11.79,
            "ProductID": "18_3"
        },
        {
            "Price": 6.28,
            "ProductID": "19_1"
        },
        {
            "Price": 10.71,
            "ProductID": "19_2"
        },
        {
            "Price": 16.58,
            "ProductID": "19_3"
        },
        {
            "Price": 12.12,
            "ProductID": "20_1"
        },
        {
            "Price": 15.71,
            "ProductID": "20_2"
        },
        {
            "Price": 26.69,
            "ProductID": "20_3"
        }
    ],
    "StoreID": 3
}