{
    "PriceDate": "2018-03-06 00:00:00",
    "PriceUpdates": [
        {
            "Price": 16.03,
            "ProductID": "1_1"
        },
        {
            "Price": 21.72,
            "ProductID": "1_2"
        },
        {
            "Price": 19.3,
            "ProductID": "1_3"
        },
        {
            "Price": 15.8,
            "ProductID": "2_1"
        },
        {
            "Price": 11.42,
            "ProductID": "2_2"
        },
        {
            "Price": 15.36,
            "ProductID": "2_3"
        },
        {
            "Price": 12.92,
            "ProductID": "3_1"
        },
        {
            "Price": 11.55,
            "ProductID": "3_2"
        },
        {
            "Price": 15.98,
            "ProductID": "3_3"
        },
        {
            "Price": 16.42,
            "ProductID": "4_1"
        },
        {
            "Price": 14.89,
            "ProductID": "4_2"
        },
        {
            "Price": 17.7,
            "ProductID": "4_3"
        },
        {
            "Price": 20.93,
            "ProductID": "5_1"
        },
        {
            "Price": 16.62,
            "ProductID": "5_2"
        },
        {
            "Price": 13.32,
            "ProductID": "5_3"
        },
        {
            "Price": 12.09,
            "ProductID": "6_1"
        },
        {
            "Price": 20.0,
            "ProductID": "6_2"
        },
        {
            "Price": 9.31,
            "ProductID": "6_3"
        },
        {
            "Price": 22.46,
            "ProductID": "7_1"
        },
        {
            "Price": 11.14,
            "ProductID": "7_2"
        },
        {
            "Price": 12.12,
            "ProductID": "7_3"
        },
        {
            "Price": 11.34,
            "ProductID": "8_1"
        },
        {
            "Price": 21.43,
            "ProductID": "8_2"
        },
        {
            "Price": 21.17,
            "ProductID": "8_3"
        },
        {
            "Price": 12.46,
            "ProductID": "9_1"
        },
        {
            "Price": 10.82,
            "ProductID": "9_2"
        },
        {
            "Price": 19.35,
            "ProductID": "9_3"
        },
        {
            "Price": 18.11,
            "ProductID": "10_1"
        },
        {
            "Price": 15.12,
            "ProductID": "10_2"
        },
        {
            "Price": 10.09,
            "ProductID": "10_3"
        },
        {
            "Price": 18.38,
            "ProductID": "11_1"
        },
        {
            "Price": 13.2,
            "ProductID": "11_2"
        },
        {
            "Price": 21.54,
            "ProductID": "11_3"
        },
        {
            "Price": 15.54,
            "ProductID": "12_1"
        },
        {
            "Price": 17.33,
            "ProductID": "12_2"
        },
        {
            "Price": 4.24,
            "ProductID": "12_3"
        },
        {
            "Price": 19.79,
            "ProductID": "13_1"
        },
        {
            "Price": 20.69,
            "ProductID": "13_2"
        },
        {
            "Price": 8.07,
            "ProductID": "13_3"
        },
        {
            "Price": 17.54,
            "ProductID": "14_1"
        },
        {
            "Price": 16.09,
            "ProductID": "14_2"
        },
        {
            "Price": 17.44,
            "ProductID": "14_3"
        },
        {
            "Price": 14.64,
            "ProductID": "15_1"
        },
        {
            "Price": 15.26,
            "ProductID": "15_2"
        },
        {
            "Price": 22.82,
            "ProductID": "15_3"
        },
        {
            "Price": 13.6,
            "ProductID": "16_1"
        },
        {
            "Price": 11.42,
            "ProductID": "16_2"
        },
        {
            "Price": 16.03,
            "ProductID": "16_3"
        },
        {
            "Price": 12.7,
            "ProductID": "17_1"
        },
        {
            "Price": 15.0,
            "ProductID": "17_2"
        },
        {
            "Price": 18.61,
            "ProductID": "17_3"
        },
        {
            "Price": 13.81,
            "ProductID": "18_1"
        },
        {
            "Price": 12.82,
            "ProductID": "18_2"
        },
        {
            "Price": 13.82,
            "ProductID": "18_3"
        },
        {
            "Price": 6.84,
            "ProductID": "19_1"
        },
        {
            "Price": 15.95,
            "ProductID": "19_2"
        },
        {
            "Price": 15.58,
            "ProductID": "19_3"
        },
        {
            "Price": 14.57,
            "ProductID": "20_1"
        },
        {
            "Price": 14.56,
            "ProductID": "20_2"
        },
        {
            "Price": 24.0,
            "ProductID": "20_3"
        }
    ],
    "StoreID": 3
}