{
    "PriceDate": "2018-03-20 00:00:00",
    "PriceUpdates": [
        {
            "Price": 14.25,
            "ProductID": "1_1"
        },
        {
            "Price": 21.39,
            "ProductID": "1_2"
        },
        {
            "Price": 18.91,
            "ProductID": "1_3"
        },
        {
            "Price": 10.97,
            "ProductID": "2_1"
        },
        {
            "Price": 18.23,
            "ProductID": "2_2"
        },
        {
            "Price": 18.1,
            "ProductID": "2_3"
        },
        {
            "Price": 13.71,
            "ProductID": "3_1"
        },
        {
            "Price": 10.66,
            "ProductID": "3_2"
        },
        {
            "Price": 14.97,
            "ProductID": "3_3"
        },
        {
            "Price": 16.18,
            "ProductID": "4_1"
        },
        {
            "Price": 13.07,
            "ProductID": "4_2"
        },
        {
            "Price": 22.12,
            "ProductID": "4_3"
        },
        {
            "Price": 21.52,
            "ProductID": "5_1"
        },
        {
            "Price": 13.88,
            "ProductID": "5_2"
        },
        {
            "Price": 13.25,
            "ProductID": "5_3"
        },
        {
            "Price": 12.8,
            "ProductID": "6_1"
        },
        {
            "Price": 26.37,
            "ProductID": "6_2"
        },
        {
            "Price": 15.0,
            "ProductID": "6_3"
        },
        {
            "Price": 14.09,
            "ProductID": "7_1"
        },
        {
            "Price": 17.26,
            "ProductID": "7_2"
        },
        {
            "Price": 12.47,
            "ProductID": "7_3"
        },
        {
            "Price": 10.02,
            "ProductID": "8_1"
        },
        {
            "Price": 24.8,
            "ProductID": "8_2"
        },
        {
            "Price": 13.23,
            "ProductID": "8_3"
        },
        {
            "Price": 13.19,
            "ProductID": "9_1"
        },
        {
            "Price": 10.49,
            "ProductID": "9_2"
        },
        {
            "Price": 19.3,
            "ProductID": "9_3"
        },
        {
            "Price": 16.23,
            "ProductID": "10_1"
        },
        {
            "Price": 10.59,
            "ProductID": "10_2"
        },
        {
            "Price": 20.86,
            "ProductID": "10_3"
        },
        {
            "Price": 16.12,
            "ProductID": "11_1"
        },
        {
            "Price": 22.84,
            "ProductID": "11_2"
        },
        {
            "Price": 11.51,
            "ProductID": "11_3"
        },
        {
            "Price": 17.47,
            "ProductID": "12_1"
        },
        {
            "Price": 16.85,
            "ProductID": "12_2"
        },
        {
            "Price": 11.58,
            "ProductID": "12_3"
        },
        {
            "Price": 14.35,
            "ProductID": "13_1"
        },
        {
            "Price": 21.31,
            "ProductID": "13_2"
        },
        {
            "Price": 15.47,
            "ProductID": "13_3"
        },
        {
            "Price": 15.62,
            "ProductID": "14_1"
        },
        {
            "Price": 18.47,
            "ProductID": "14_2"
        },
        {
            "Price": 21.6,
            "ProductID": "14_3"
        },
        {
            "Price": 12.07,
            "ProductID": "15_1"
        },
        {
            "Price": 16.04,
            "ProductID": "15_2"
        },
        {
            "Price": 14.55,
            "ProductID": "15_3"
        },
        {
            "Price": 23.81,
            "ProductID": "16_1"
        },
        {
            "Price": 21.65,
            "ProductID": "16_2"
        },
        {
            "Price": 10.27,
            "ProductID": "16_3"
        },
        {
            "Price": 14.51,
            "ProductID": "17_1"
        },
        {
            "Price": 16.94,
            "ProductID": "17_2"
        },
        {
            "Price": 13.86,
            "ProductID": "17_3"
        },
        {
            "Price": 11.94,
            "ProductID": "18_1"
        },
        {
            "Price": 18.25,
            "ProductID": "18_2"
        },
        {
            "Price": 13.7,
            "ProductID": "18_3"
        },
        {
            "Price": 6.93,
            "ProductID": "19_1"
        },
        {
            "Price": 16.39,
            "ProductID": "19_2"
        },
        {
            "Price": 17.77,
            "ProductID": "19_3"
        },
        {
            "Price": 15.73,
            "ProductID": "20_1"
        },
        {
            "Price": 17.68,
            "ProductID": "20_2"
        },
        {
            "Price": 19.02,
            "ProductID": "20_3"
        }
    ],
    "StoreID": 2
}