{
    "PriceDate": "2018-05-29 00:00:00",
    "PriceUpdates": [
        {
            "Price": 13.69,
            "ProductID": "1_1"
        },
        {
            "Price": 12.93,
            "ProductID": "1_2"
        },
        {
            "Price": 18.26,
            "ProductID": "1_3"
        },
        {
            "Price": 15.55,
            "ProductID": "2_1"
        },
        {
            "Price": 13.1,
            "ProductID": "2_2"
        },
        {
            "Price": 16.73,
            "ProductID": "2_3"
        },
        {
            "Price": 11.71,
            "ProductID": "3_1"
        },
        {
            "Price": 18.76,
            "ProductID": "3_2"
        },
        {
            "Price": 15.4,
            "ProductID": "3_3"
        },
        {
            "Price": 19.39,
            "ProductID": "4_1"
        },
        {
            "Price": 12.98,
            "ProductID": "4_2"
        },
        {
            "Price": 20.9,
            "ProductID": "4_3"
        },
        {
            "Price": 10.54,
            "ProductID": "5_1"
        },
        {
            "Price": 10.18,
            "ProductID": "5_2"
        },
        {
            "Price": 12.7,
            "ProductID": "5_3"
        },
        {
            "Price": 12.76,
            "ProductID": "6_1"
        },
        {
            "Price": 23.4,
            "ProductID": "6_2"
        },
        {
            "Price": 16.62,
            "ProductID": "6_3"
        },
        {
            "Price": 15.2,
            "ProductID": "7_1"
        },
        {
            "Price": 18.15,
            "ProductID": "7_2"
        },
        {
            "Price": 15.51,
            "ProductID": "7_3"
        },
        {
            "Price": 16.93,
            "ProductID": "8_1"
        },
        {
            "Price": 20.14,
            "ProductID": "8_2"
        },
        {
            "Price": 20.9,
            "ProductID": "8_3"
        },
        {
            "Price": 8.8,
            "ProductID": "9_1"
        },
        {
            "Price": 8.71,
            "ProductID": "9_2"
        },
        {
            "Price": 20.2,
            "ProductID": "9_3"
        },
        {
            "Price": 16.51,
            "ProductID": "10_1"
        },
        {
            "Price": 15.16,
            "ProductID": "10_2"
        },
        {
            "Price": 14.38,
            "ProductID": "10_3"
        },
        {
            "Price": 19.71,
            "ProductID": "11_1"
        },
        {
            "Price": 22.74,
            "ProductID": "11_2"
        },
        {
            "Price": 18.66,
            "ProductID": "11_3"
        },
        {
            "Price": 17.37,
            "ProductID": "12_1"
        },
        {
            "Price": 18.31,
            "ProductID": "12_2"
        },
        {
            "Price": 8.06,
            "ProductID": "12_3"
        },
        {
            "Price": 20.21,
            "ProductID": "13_1"
        },
        {
            "Price": 20.4,
            "ProductID": "13_2"
        },
        {
            "Price": 14.94,
            "ProductID": "13_3"
        },
        {
            "Price": 15.07,
            "ProductID": "14_1"
        },
        {
            "Price": 12.18,
            "ProductID": "14_2"
        },
        {
            "Price": 17.08,
            "ProductID": "14_3"
        },
        {
            "Price": 16.73,
            "ProductID": "15_1"
        },
        {
            "Price": 10.35,
            "ProductID": "15_2"
        },
        {
            "Price": 18.44,
            "ProductID": "15_3"
        },
        {
            "Price": 20.65,
            "ProductID": "16_1"
        },
        {
            "Price": 23.51,
            "ProductID": "16_2"
        },
        {
            "Price": 11.83,
            "ProductID": "16_3"
        },
        {
            "Price": 13.36,
            "ProductID": "17_1"
        },
        {
            "Price": 18.29,
            "ProductID": "17_2"
        },
        {
            "Price": 16.49,
            "ProductID": "17_3"
        },
        {
            "Price": 10.31,
            "ProductID": "18_1"
        },
        {
            "Price": 10.58,
            "ProductID": "18_2"
        },
        {
            "Price": 10.27,
            "ProductID": "18_3"
        },
        {
            "Price": 7.34,
            "ProductID": "19_1"
        },
        {
            "Price": 16.51,
            "ProductID": "19_2"
        },
        {
            "Price": 21.75,
            "ProductID": "19_3"
        },
        {
            "Price": 8.92,
            "ProductID": "20_1"
        },
        {
            "Price": 19.36,
            "ProductID": "20_2"
        },
        {
            "Price": 27.11,
            "ProductID": "20_3"
        }
    ],
    "StoreID": 6
}