{
    "PriceDate": "2018-05-01 00:00:00",
    "PriceUpdates": [
        {
            "Price": 13.38,
            "ProductID": "1_1"
        },
        {
            "Price": 8.21,
            "ProductID": "1_2"
        },
        {
            "Price": 18.24,
            "ProductID": "1_3"
        },
        {
            "Price": 15.57,
            "ProductID": "2_1"
        },
        {
            "Price": 16.21,
            "ProductID": "2_2"
        },
        {
            "Price": 15.07,
            "ProductID": "2_3"
        },
        {
            "Price": 18.07,
            "ProductID": "3_1"
        },
        {
            "Price": 15.71,
            "ProductID": "3_2"
        },
        {
            "Price": 14.78,
            "ProductID": "3_3"
        },
        {
            "Price": 15.05,
            "ProductID": "4_1"
        },
        {
            "Price": 12.01,
            "ProductID": "4_2"
        },
        {
            "Price": 19.43,
            "ProductID": "4_3"
        },
        {
            "Price": 10.21,
            "ProductID": "5_1"
        },
        {
            "Price": 11.25,
            "ProductID": "5_2"
        },
        {
            "Price": 8.58,
            "ProductID": "5_3"
        },
        {
            "Price": 11.6,
            "ProductID": "6_1"
        },
        {
            "Price": 24.84,
            "ProductID": "6_2"
        },
        {
            "Price": 10.11,
            "ProductID": "6_3"
        },
        {
            "Price": 19.37,
            "ProductID": "7_1"
        },
        {
            "Price": 9.01,
            "ProductID": "7_2"
        },
        {
            "Price": 13.93,
            "ProductID": "7_3"
        },
        {
            "Price": 9.09,
            "ProductID": "8_1"
        },
        {
            "Price": 14.85,
            "ProductID": "8_2"
        },
        {
            "Price": 12.5,
            "ProductID": "8_3"
        },
        {
            "Price": 8.7,
            "ProductID": "9_1"
        },
        {
            "Price": 13.88,
            "ProductID": "9_2"
        },
        {
            "Price": 18.35,
            "ProductID": "9_3"
        },
        {
            "Price": 15.99,
            "ProductID": "10_1"
        },
        {
            "Price": 14.12,
            "ProductID": "10_2"
        },
        {
            "Price": 12.43,
            "ProductID": "10_3"
        },
        {
            "Price": 20.43,
            "ProductID": "11_1"
        },
        {
            "Price": 12.51,
            "ProductID": "11_2"
        },
        {
            "Price": 12.42,
            "ProductID": "11_3"
        },
        {
            "Price": 13.93,
            "ProductID": "12_1"
        },
        {
            "Price": 18.23,
            "ProductID": "12_2"
        },
        {
            "Price": 12.3,
            "ProductID": "12_3"
        },
        {
            "Price": 20.24,
            "ProductID": "13_1"
        },
        {
            "Price": 19.67,
            "ProductID": "13_2"
        },
        {
            "Price": 15.13,
            "ProductID": "13_3"
        },
        {
            "Price": 12.0,
            "ProductID": "14_1"
        },
        {
            "Price": 12.89,
            "ProductID": "14_2"
        },
        {
            "Price": 19.93,
            "ProductID": "14_3"
        },
        {
            "Price": 12.97,
            "ProductID": "15_1"
        },
        {
            "Price": 16.79,
            "ProductID": "15_2"
        },
        {
            "Price": 13.62,
            "ProductID": "15_3"
        },
        {
            "Price": 18.89,
            "ProductID": "16_1"
        },
        {
            "Price": 23.42,
            "ProductID": "16_2"
        },
        {
            "Price": 15.6,
            "ProductID": "16_3"
        },
        {
            "Price": 11.39,
            "ProductID": "17_1"
        },
        {
            "Price": 15.64,
            "ProductID": "17_2"
        },
        {
            "Price": 21.18,
            "ProductID": "17_3"
        },
        {
            "Price": 11.1,
            "ProductID": "18_1"
        },
        {
            "Price": 12.18,
            "ProductID": "18_2"
        },
        {
            "Price": 12.46,
            "ProductID": "18_3"
        },
        {
            "Price": 6.98,
            "ProductID": "19_1"
        },
        {
            "Price": 15.62,
            "ProductID": "19_2"
        },
        {
            "Price": 17.06,
            "ProductID": "19_3"
        },
        {
            "Price": 8.65,
            "ProductID": "20_1"
        },
        {
            "Price": 10.15,
            "ProductID": "20_2"
        },
        {
            "Price": 16.0,
            "ProductID": "20_3"
        }
    ],
    "StoreID": 6
}