{
    "PriceDate": "2018-04-17 00:00:00",
    "PriceUpdates": [
        {
            "Price": 14.22,
            "ProductID": "1_1"
        },
        {
            "Price": 7.94,
            "ProductID": "1_2"
        },
        {
            "Price": 19.6,
            "ProductID": "1_3"
        },
        {
            "Price": 17.93,
            "ProductID": "2_1"
        },
        {
            "Price": 15.13,
            "ProductID": "2_2"
        },
        {
            "Price": 21.12,
            "ProductID": "2_3"
        },
        {
            "Price": 9.45,
            "ProductID": "3_1"
        },
        {
            "Price": 12.16,
            "ProductID": "3_2"
        },
        {
            "Price": 12.35,
            "ProductID": "3_3"
        },
        {
            "Price": 13.29,
            "ProductID": "4_1"
        },
        {
            "Price": 7.55,
            "ProductID": "4_2"
        },
        {
            "Price": 16.17,
            "ProductID": "4_3"
        },
        {
            "Price": 16.74,
            "ProductID": "5_1"
        },
        {
            "Price": 15.84,
            "ProductID": "5_2"
        },
        {
            "Price": 12.54,
            "ProductID": "5_3"
        },
        {
            "Price": 12.53,
            "ProductID": "6_1"
        },
        {
            "Price": 15.86,
            "ProductID": "6_2"
        },
        {
            "Price": 15.19,
            "ProductID": "6_3"
        },
        {
            "Price": 15.84,
            "ProductID": "7_1"
        },
        {
            "Price": 13.39,
            "ProductID": "7_2"
        },
        {
            "Price": 15.29,
            "ProductID": "7_3"
        },
        {
            "Price": 13.63,
            "ProductID": "8_1"
        },
        {
            "Price": 14.01,
            "ProductID": "8_2"
        },
        {
            "Price": 20.8,
            "ProductID": "8_3"
        },
        {
            "Price": 9.92,
            "ProductID": "9_1"
        },
        {
            "Price": 11.31,
            "ProductID": "9_2"
        },
        {
            "Price": 13.04,
            "ProductID": "9_3"
        },
        {
            "Price": 19.76,
            "ProductID": "10_1"
        },
        {
            "Price": 10.03,
            "ProductID": "10_2"
        },
        {
            "Price": 22.82,
            "ProductID": "10_3"
        },
        {
            "Price": 18.6,
            "ProductID": "11_1"
        },
        {
            "Price": 18.61,
            "ProductID": "11_2"
        },
        {
            "Price": 16.3,
            "ProductID": "11_3"
        },
        {
            "Price": 15.04,
            "ProductID": "12_1"
        },
        {
            "Price": 14.56,
            "ProductID": "12_2"
        },
        {
            "Price": 10.32,
            "ProductID": "12_3"
        },
        {
            "Price": 16.93,
            "ProductID": "13_1"
        },
        {
            "Price": 19.88,
            "ProductID": "13_2"
        },
        {
            "Price": 7.55,
            "ProductID": "13_3"
        },
        {
            "Price": 16.4,
            "ProductID": "14_1"
        },
        {
            "Price": 11.18,
            "ProductID": "14_2"
        },
        {
            "Price": 21.51,
            "ProductID": "14_3"
        },
        {
            "Price": 16.57,
            "ProductID": "15_1"
        },
        {
            "Price": 14.9,
            "ProductID": "15_2"
        },
        {
            "Price": 23.03,
            "ProductID": "15_3"
        },
        {
            "Price": 11.87,
            "ProductID": "16_1"
        },
        {
            "Price": 14.0,
            "ProductID": "16_2"
        },
        {
            "Price": 11.87,
            "ProductID": "16_3"
        },
        {
            "Price": 11.28,
            "ProductID": "17_1"
        },
        {
            "Price": 18.33,
            "ProductID": "17_2"
        },
        {
            "Price": 21.29,
            "ProductID": "17_3"
        },
        {
            "Price": 11.69,
            "ProductID": "18_1"
        },
        {
            "Price": 10.11,
            "ProductID": "18_2"
        },
        {
            "Price": 8.71,
            "ProductID": "18_3"
        },
        {
            "Price": 6.99,
            "ProductID": "19_1"
        },
        {
            "Price": 8.27,
            "ProductID": "19_2"
        },
        {
            "Price": 17.85,
            "ProductID": "19_3"
        },
        {
            "Price": 7.49,
            "ProductID": "20_1"
        },
        {
            "Price": 9.62,
            "ProductID": "20_2"
        },
        {
            "Price": 13.21,
            "ProductID": "20_3"
        }
    ],
    "StoreID": 3
}