{
    "PriceDate": "2018-02-20 00:00:00",
    "PriceUpdates": [
        {
            "Price": 13.7,
            "ProductID": "1_1"
        },
        {
            "Price": 18.31,
            "ProductID": "1_2"
        },
        {
            "Price": 18.65,
            "ProductID": "1_3"
        },
        {
            "Price": 17.82,
            "ProductID": "2_1"
        },
        {
            "Price": 19.48,
            "ProductID": "2_2"
        },
        {
            "Price": 21.11,
            "ProductID": "2_3"
        },
        {
            "Price": 9.36,
            "ProductID": "3_1"
        },
        {
            "Price": 12.12,
            "ProductID": "3_2"
        },
        {
            "Price": 18.05,
            "ProductID": "3_3"
        },
        {
            "Price": 17.26,
            "ProductID": "4_1"
        },
        {
            "Price": 10.29,
            "ProductID": "4_2"
        },
        {
            "Price": 14.98,
            "ProductID": "4_3"
        },
        {
            "Price": 11.85,
            "ProductID": "5_1"
        },
        {
            "Price": 14.9,
            "ProductID": "5_2"
        },
        {
            "Price": 10.79,
            "ProductID": "5_3"
        },
        {
            "Price": 11.11,
            "ProductID": "6_1"
        },
        {
            "Price": 26.14,
            "ProductID": "6_2"
        },
        {
            "Price": 16.44,
            "ProductID": "6_3"
        },
        {
            "Price": 18.63,
            "ProductID": "7_1"
        },
        {
            "Price": 11.1,
            "ProductID": "7_2"
        },
        {
            "Price": 14.91,
            "ProductID": "7_3"
        },
        {
            "Price": 13.19,
            "ProductID": "8_1"
        },
        {
            "Price": 15.99,
            "ProductID": "8_2"
        },
        {
            "Price": 20.35,
            "ProductID": "8_3"
        },
        {
            "Price": 8.43,
            "ProductID": "9_1"
        },
        {
            "Price": 10.82,
            "ProductID": "9_2"
        },
        {
            "Price": 20.41,
            "ProductID": "9_3"
        },
        {
            "Price": 15.96,
            "ProductID": "10_1"
        },
        {
            "Price": 10.98,
            "ProductID": "10_2"
        },
        {
            "Price": 17.93,
            "ProductID": "10_3"
        },
        {
            "Price": 13.09,
            "ProductID": "11_1"
        },
        {
            "Price": 14.78,
            "ProductID": "11_2"
        },
        {
            "Price": 19.66,
            "ProductID": "11_3"
        },
        {
            "Price": 19.2,
            "ProductID": "12_1"
        },
        {
            "Price": 15.24,
            "ProductID": "12_2"
        },
        {
            "Price": 12.2,
            "ProductID": "12_3"
        },
        {
            "Price": 10.7,
            "ProductID": "13_1"
        },
        {
            "Price": 22.83,
            "ProductID": "13_2"
        },
        {
            "Price": 9.46,
            "ProductID": "13_3"
        },
        {
            "Price": 14.37,
            "ProductID": "14_1"
        },
        {
            "Price": 13.89,
            "ProductID": "14_2"
        },
        {
            "Price": 11.84,
            "ProductID": "14_3"
        },
        {
            "Price": 16.89,
            "ProductID": "15_1"
        },
        {
            "Price": 16.1,
            "ProductID": "15_2"
        },
        {
            "Price": 20.94,
            "ProductID": "15_3"
        },
        {
            "Price": 18.71,
            "ProductID": "16_1"
        },
        {
            "Price": 13.4,
            "ProductID": "16_2"
        },
        {
            "Price": 8.06,
            "ProductID": "16_3"
        },
        {
            "Price": 9.84,
            "ProductID": "17_1"
        },
        {
            "Price": 18.97,
            "ProductID": "17_2"
        },
        {
            "Price": 11.88,
            "ProductID": "17_3"
        },
        {
            "Price": 11.2,
            "ProductID": "18_1"
        },
        {
            "Price": 14.68,
            "ProductID": "18_2"
        },
        {
            "Price": 7.85,
            "ProductID": "18_3"
        },
        {
            "Price": 6.75,
            "ProductID": "19_1"
        },
        {
            "Price": 16.39,
            "ProductID": "19_2"
        },
        {
            "Price": 15.7,
            "ProductID": "19_3"
        },
        {
            "Price": 8.04,
            "ProductID": "20_1"
        },
        {
            "Price": 18.44,
            "ProductID": "20_2"
        },
        {
            "Price": 22.79,
            "ProductID": "20_3"
        }
    ],
    "StoreID": 1
}