{
    "PriceDate": "2018-05-22 00:00:00",
    "PriceUpdates": [
        {
            "Price": 18.0,
            "ProductID": "1_1"
        },
        {
            "Price": 11.68,
            "ProductID": "1_2"
        },
        {
            "Price": 19.13,
            "ProductID": "1_3"
        },
        {
            "Price": 9.09,
            "ProductID": "2_1"
        },
        {
            "Price": 17.2,
            "ProductID": "2_2"
        },
        {
            "Price": 20.69,
            "ProductID": "2_3"
        },
        {
            "Price": 15.97,
            "ProductID": "3_1"
        },
        {
            "Price": 19.82,
            "ProductID": "3_2"
        },
        {
            "Price": 17.11,
            "ProductID": "3_3"
        },
        {
            "Price": 13.6,
            "ProductID": "4_1"
        },
        {
            "Price": 15.63,
            "ProductID": "4_2"
        },
        {
            "Price": 21.73,
            "ProductID": "4_3"
        },
        {
            "Price": 16.02,
            "ProductID": "5_1"
        },
        {
            "Price": 15.05,
            "ProductID": "5_2"
        },
        {
            "Price": 9.24,
            "ProductID": "5_3"
        },
        {
            "Price": 12.91,
            "ProductID": "6_1"
        },
        {
            "Price": 25.52,
            "ProductID": "6_2"
        },
        {
            "Price": 13.54,
            "ProductID": "6_3"
        },
        {
            "Price": 17.9,
            "ProductID": "7_1"
        },
        {
            "Price": 10.35,
            "ProductID": "7_2"
        },
        {
            "Price": 10.87,
            "ProductID": "7_3"
        },
        {
            "Price": 11.04,
            "ProductID": "8_1"
        },
        {
            "Price": 24.49,
            "ProductID": "8_2"
        },
        {
            "Price": 19.37,
            "ProductID": "8_3"
        },
        {
            "Price": 6.88,
            "ProductID": "9_1"
        },
        {
            "Price": 7.51,
            "ProductID": "9_2"
        },
        {
            "Price": 20.62,
            "ProductID": "9_3"
        },
        {
            "Price": 17.68,
            "ProductID": "10_1"
        },
        {
            "Price": 14.31,
            "ProductID": "10_2"
        },
        {
            "Price": 9.72,
            "ProductID": "10_3"
        },
        {
            "Price": 15.04,
            "ProductID": "11_1"
        },
        {
            "Price": 13.32,
            "ProductID": "11_2"
        },
        {
            "Price": 22.19,
            "ProductID": "11_3"
        },
        {
            "Price": 15.49,
            "ProductID": "12_1"
        },
        {
            "Price": 15.23,
            "ProductID": "12_2"
        },
        {
            "Price": 5.86,
            "ProductID": "12_3"
        },
        {
            "Price": 19.44,
            "ProductID": "13_1"
        },
        {
            "Price": 16.76,
            "ProductID": "13_2"
        },
        {
            "Price": 8.88,
            "ProductID": "13_3"
        },
        {
            "Price": 16.5,
            "ProductID": "14_1"
        },
        {
            "Price": 20.57,
            "ProductID": "14_2"
        },
        {
            "Price": 12.9,
            "ProductID": "14_3"
        },
        {
            "Price": 11.64,
            "ProductID": "15_1"
        },
        {
            "Price": 14.18,
            "ProductID": "15_2"
        },
        {
            "Price": 16.89,
            "ProductID": "15_3"
        },
        {
            "Price": 18.76,
            "ProductID": "16_1"
        },
        {
            "Price": 22.11,
            "ProductID": "16_2"
        },
        {
            "Price": 7.52,
            "ProductID": "16_3"
        },
        {
            "Price": 12.87,
            "ProductID": "17_1"
        },
        {
            "Price": 17.18,
            "ProductID": "17_2"
        },
        {
            "Price": 15.84,
            "ProductID": "17_3"
        },
        {
            "Price": 15.33,
            "ProductID": "18_1"
        },
        {
            "Price": 15.6,
            "ProductID": "18_2"
        },
        {
            "Price": 13.52,
            "ProductID": "18_3"
        },
        {
            "Price": 6.54,
            "ProductID": "19_1"
        },
        {
            "Price": 10.27,
            "ProductID": "19_2"
        },
        {
            "Price": 20.26,
            "ProductID": "19_3"
        },
        {
            "Price": 7.94,
            "ProductID": "20_1"
        },
        {
            "Price": 15.35,
            "ProductID": "20_2"
        },
        {
            "Price": 20.31,
            "ProductID": "20_3"
        }
    ],
    "StoreID": 1
}