{
    "PriceDate": "2018-02-06 00:00:00",
    "PriceUpdates": [
        {
            "Price": 14.53,
            "ProductID": "1_1"
        },
        {
            "Price": 8.77,
            "ProductID": "1_2"
        },
        {
            "Price": 18.5,
            "ProductID": "1_3"
        },
        {
            "Price": 17.62,
            "ProductID": "2_1"
        },
        {
            "Price": 17.61,
            "ProductID": "2_2"
        },
        {
            "Price": 20.23,
            "ProductID": "2_3"
        },
        {
            "Price": 16.83,
            "ProductID": "3_1"
        },
        {
            "Price": 16.9,
            "ProductID": "3_2"
        },
        {
            "Price": 14.06,
            "ProductID": "3_3"
        },
        {
            "Price": 12.49,
            "ProductID": "4_1"
        },
        {
            "Price": 15.68,
            "ProductID": "4_2"
        },
        {
            "Price": 16.84,
            "ProductID": "4_3"
        },
        {
            "Price": 17.65,
            "ProductID": "5_1"
        },
        {
            "Price": 16.0,
            "ProductID": "5_2"
        },
        {
            "Price": 13.23,
            "ProductID": "5_3"
        },
        {
            "Price": 12.02,
            "ProductID": "6_1"
        },
        {
            "Price": 24.05,
            "ProductID": "6_2"
        },
        {
            "Price": 10.83,
            "ProductID": "6_3"
        },
        {
            "Price": 19.48,
            "ProductID": "7_1"
        },
        {
            "Price": 13.3,
            "ProductID": "7_2"
        },
        {
            "Price": 12.4,
            "ProductID": "7_3"
        },
        {
            "Price": 10.73,
            "ProductID": "8_1"
        },
        {
            "Price": 20.82,
            "ProductID": "8_2"
        },
        {
            "Price": 16.12,
            "ProductID": "8_3"
        },
        {
            "Price": 12.59,
            "ProductID": "9_1"
        },
        {
            "Price": 7.57,
            "ProductID": "9_2"
        },
        {
            "Price": 19.33,
            "ProductID": "9_3"
        },
        {
            "Price": 17.17,
            "ProductID": "10_1"
        },
        {
            "Price": 13.87,
            "ProductID": "10_2"
        },
        {
            "Price": 15.66,
            "ProductID": "10_3"
        },
        {
            "Price": 10.87,
            "ProductID": "11_1"
        },
        {
            "Price": 15.51,
            "ProductID": "11_2"
        },
        {
            "Price": 12.01,
            "ProductID": "11_3"
        },
        {
            "Price": 16.74,
            "ProductID": "12_1"
        },
        {
            "Price": 14.75,
            "ProductID": "12_2"
        },
        {
            "Price": 10.77,
            "ProductID": "12_3"
        },
        {
            "Price": 13.67,
            "ProductID": "13_1"
        },
        {
            "Price": 19.14,
            "ProductID": "13_2"
        },
        {
            "Price": 9.28,
            "ProductID": "13_3"
        },
        {
            "Price": 14.66,
            "ProductID": "14_1"
        },
        {
            "Price": 14.29,
            "ProductID": "14_2"
        },
        {
            "Price": 20.48,
            "ProductID": "14_3"
        },
        {
            "Price": 16.05,
            "ProductID": "15_1"
        },
        {
            "Price": 15.52,
            "ProductID": "15_2"
        },
        {
            "Price": 14.95,
            "ProductID": "15_3"
        },
        {
            "Price": 18.08,
            "ProductID": "16_1"
        },
        {
            "Price": 16.88,
            "ProductID": "16_2"
        },
        {
            "Price": 13.27,
            "ProductID": "16_3"
        },
        {
            "Price": 13.97,
            "ProductID": "17_1"
        },
        {
            "Price": 13.84,
            "ProductID": "17_2"
        },
        {
            "Price": 21.39,
            "ProductID": "17_3"
        },
        {
            "Price": 13.9,
            "ProductID": "18_1"
        },
        {
            "Price": 14.56,
            "ProductID": "18_2"
        },
        {
            "Price": 8.13,
            "ProductID": "18_3"
        },
        {
            "Price": 6.64,
            "ProductID": "19_1"
        },
        {
            "Price": 16.91,
            "ProductID": "19_2"
        },
        {
            "Price": 22.19,
            "ProductID": "19_3"
        },
        {
            "Price": 15.65,
            "ProductID": "20_1"
        },
        {
            "Price": 11.49,
            "ProductID": "20_2"
        },
        {
            "Price": 15.13,
            "ProductID": "20_3"
        }
    ],
    "StoreID": 3
}