{
    "PriceDate": "2018-03-13 00:00:00",
    "PriceUpdates": [
        {
            "Price": 16.59,
            "ProductID": "1_1"
        },
        {
            "Price": 7.7,
            "ProductID": "1_2"
        },
        {
            "Price": 18.14,
            "ProductID": "1_3"
        },
        {
            "Price": 12.82,
            "ProductID": "2_1"
        },
        {
            "Price": 16.97,
            "ProductID": "2_2"
        },
        {
            "Price": 19.62,
            "ProductID": "2_3"
        },
        {
            "Price": 12.14,
            "ProductID": "3_1"
        },
        {
            "Price": 10.53,
            "ProductID": "3_2"
        },
        {
            "Price": 17.5,
            "ProductID": "3_3"
        },
        {
            "Price": 18.21,
            "ProductID": "4_1"
        },
        {
            "Price": 11.73,
            "ProductID": "4_2"
        },
        {
            "Price": 20.5,
            "ProductID": "4_3"
        },
        {
            "Price": 11.27,
            "ProductID": "5_1"
        },
        {
            "Price": 10.12,
            "ProductID": "5_2"
        },
        {
            "Price": 5.53,
            "ProductID": "5_3"
        },
        {
            "Price": 11.04,
            "ProductID": "6_1"
        },
        {
            "Price": 20.75,
            "ProductID": "6_2"
        },
        {
            "Price": 9.09,
            "ProductID": "6_3"
        },
        {
            "Price": 14.73,
            "ProductID": "7_1"
        },
        {
            "Price": 8.96,
            "ProductID": "7_2"
        },
        {
            "Price": 13.29,
            "ProductID": "7_3"
        },
        {
            "Price": 13.47,
            "ProductID": "8_1"
        },
        {
            "Price": 23.0,
            "ProductID": "8_2"
        },
        {
            "Price": 12.23,
            "ProductID": "8_3"
        },
        {
            "Price": 6.75,
            "ProductID": "9_1"
        },
        {
            "Price": 13.03,
            "ProductID": "9_2"
        },
        {
            "Price": 20.13,
            "ProductID": "9_3"
        },
        {
            "Price": 16.53,
            "ProductID": "10_1"
        },
        {
            "Price": 13.83,
            "ProductID": "10_2"
        },
        {
            "Price": 17.97,
            "ProductID": "10_3"
        },
        {
            "Price": 8.7,
            "ProductID": "11_1"
        },
        {
            "Price": 22.74,
            "ProductID": "11_2"
        },
        {
            "Price": 18.04,
            "ProductID": "11_3"
        },
        {
            "Price": 12.98,
            "ProductID": "12_1"
        },
        {
            "Price": 18.65,
            "ProductID": "12_2"
        },
        {
            "Price": 8.15,
            "ProductID": "12_3"
        },
        {
            "Price": 18.9,
            "ProductID": "13_1"
        },
        {
            "Price": 14.27,
            "ProductID": "13_2"
        },
        {
            "Price": 16.58,
            "ProductID": "13_3"
        },
        {
            "Price": 14.94,
            "ProductID": "14_1"
        },
        {
            "Price": 20.39,
            "ProductID": "14_2"
        },
        {
            "Price": 9.62,
            "ProductID": "14_3"
        },
        {
            "Price": 15.2,
            "ProductID": "15_1"
        },
        {
            "Price": 14.04,
            "ProductID": "15_2"
        },
        {
            "Price": 15.54,
            "ProductID": "15_3"
        },
        {
            "Price": 21.46,
            "ProductID": "16_1"
        },
        {
            "Price": 22.03,
            "ProductID": "16_2"
        },
        {
            "Price": 9.51,
            "ProductID": "16_3"
        },
        {
            "Price": 15.73,
            "ProductID": "17_1"
        },
        {
            "Price": 19.02,
            "ProductID": "17_2"
        },
        {
            "Price": 17.82,
            "ProductID": "17_3"
        },
        {
            "Price": 15.63,
            "ProductID": "18_1"
        },
        {
            "Price": 17.77,
            "ProductID": "18_2"
        },
        {
            "Price": 11.64,
            "ProductID": "18_3"
        },
        {
            "Price": 7.23,
            "ProductID": "19_1"
        },
        {
            "Price": 8.23,
            "ProductID": "19_2"
        },
        {
            "Price": 20.95,
            "ProductID": "19_3"
        },
        {
            "Price": 14.09,
            "ProductID": "20_1"
        },
        {
            "Price": 15.15,
            "ProductID": "20_2"
        },
        {
            "Price": 20.89,
            "ProductID": "20_3"
        }
    ],
    "StoreID": 6
}