{
    "PriceDate": "2018-05-08 00:00:00",
    "PriceUpdates": [
        {
            "Price": 14.85,
            "ProductID": "1_1"
        },
        {
            "Price": 16.93,
            "ProductID": "1_2"
        },
        {
            "Price": 19.07,
            "ProductID": "1_3"
        },
        {
            "Price": 15.48,
            "ProductID": "2_1"
        },
        {
            "Price": 12.79,
            "ProductID": "2_2"
        },
        {
            "Price": 16.6,
            "ProductID": "2_3"
        },
        {
            "Price": 12.36,
            "ProductID": "3_1"
        },
        {
            "Price": 10.11,
            "ProductID": "3_2"
        },
        {
            "Price": 14.03,
            "ProductID": "3_3"
        },
        {
            "Price": 13.03,
            "ProductID": "4_1"
        },
        {
            "Price": 13.88,
            "ProductID": "4_2"
        },
        {
            "Price": 20.3,
            "ProductID": "4_3"
        },
        {
            "Price": 14.25,
            "ProductID": "5_1"
        },
        {
            "Price": 12.95,
            "ProductID": "5_2"
        },
        {
            "Price": 11.16,
            "ProductID": "5_3"
        },
        {
            "Price": 11.67,
            "ProductID": "6_1"
        },
        {
            "Price": 24.49,
            "ProductID": "6_2"
        },
        {
            "Price": 15.87,
            "ProductID": "6_3"
        },
        {
            "Price": 15.11,
            "ProductID": "7_1"
        },
        {
            "Price": 16.79,
            "ProductID": "7_2"
        },
        {
            "Price": 14.71,
            "ProductID": "7_3"
        },
        {
            "Price": 15.51,
            "ProductID": "8_1"
        },
        {
            "Price": 20.12,
            "ProductID": "8_2"
        },
        {
            "Price": 21.14,
            "ProductID": "8_3"
        },
        {
            "Price": 7.76,
            "ProductID": "9_1"
        },
        {
            "Price": 7.94,
            "ProductID": "9_2"
        },
        {
            "Price": 13.18,
            "ProductID": "9_3"
        },
        {
            "Price": 17.35,
            "ProductID": "10_1"
        },
        {
            "Price": 10.77,
            "ProductID": "10_2"
        },
        {
            "Price": 15.41,
            "ProductID": "10_3"
        },
        {
            "Price": 14.85,
            "ProductID": "11_1"
        },
        {
            "Price": 13.88,
            "ProductID": "11_2"
        },
        {
            "Price": 11.46,
            "ProductID": "11_3"
        },
        {
            "Price": 12.37,
            "ProductID": "12_1"
        },
        {
            "Price": 17.4,
            "ProductID": "12_2"
        },
        {
            "Price": 12.4,
            "ProductID": "12_3"
        },
        {
            "Price": 19.75,
            "ProductID": "13_1"
        },
        {
            "Price": 11.57,
            "ProductID": "13_2"
        },
        {
            "Price": 7.67,
            "ProductID": "13_3"
        },
        {
            "Price": 16.25,
            "ProductID": "14_1"
        },
        {
            "Price": 12.42,
            "ProductID": "14_2"
        },
        {
            "Price": 17.21,
            "ProductID": "14_3"
        },
        {
            "Price": 14.81,
            "ProductID": "15_1"
        },
        {
            "Price": 10.9,
            "ProductID": "15_2"
        },
        {
            "Price": 14.7,
            "ProductID": "15_3"
        },
        {
            "Price": 13.97,
            "ProductID": "16_1"
        },
        {
            "Price": 17.27,
            "ProductID": "16_2"
        },
        {
            "Price": 10.81,
            "ProductID": "16_3"
        },
        {
            "Price": 12.9,
            "ProductID": "17_1"
        },
        {
            "Price": 17.38,
            "ProductID": "17_2"
        },
        {
            "Price": 15.18,
            "ProductID": "17_3"
        },
        {
            "Price": 12.88,
            "ProductID": "18_1"
        },
        {
            "Price": 14.92,
            "ProductID": "18_2"
        },
        {
            "Price": 11.48,
            "ProductID": "18_3"
        },
        {
            "Price": 7.36,
            "ProductID": "19_1"
        },
        {
            "Price": 14.91,
            "ProductID": "19_2"
        },
        {
            "Price": 22.36,
            "ProductID": "19_3"
        },
        {
            "Price": 12.35,
            "ProductID": "20_1"
        },
        {
            "Price": 11.11,
            "ProductID": "20_2"
        },
        {
            "Price": 23.46,
            "ProductID": "20_3"
        }
    ],
    "StoreID": 1
}