{
    "PriceDate": "2018-04-17 00:00:00",
    "PriceUpdates": [
        {
            "Price": 17.71,
            "ProductID": "1_1"
        },
        {
            "Price": 16.99,
            "ProductID": "1_2"
        },
        {
            "Price": 19.56,
            "ProductID": "1_3"
        },
        {
            "Price": 15.88,
            "ProductID": "2_1"
        },
        {
            "Price": 17.03,
            "ProductID": "2_2"
        },
        {
            "Price": 19.16,
            "ProductID": "2_3"
        },
        {
            "Price": 14.27,
            "ProductID": "3_1"
        },
        {
            "Price": 19.87,
            "ProductID": "3_2"
        },
        {
            "Price": 12.91,
            "ProductID": "3_3"
        },
        {
            "Price": 13.12,
            "ProductID": "4_1"
        },
        {
            "Price": 13.05,
            "ProductID": "4_2"
        },
        {
            "Price": 15.98,
            "ProductID": "4_3"
        },
        {
            "Price": 16.25,
            "ProductID": "5_1"
        },
        {
            "Price": 10.8,
            "ProductID": "5_2"
        },
        {
            "Price": 14.1,
            "ProductID": "5_3"
        },
        {
            "Price": 11.33,
            "ProductID": "6_1"
        },
        {
            "Price": 23.65,
            "ProductID": "6_2"
        },
        {
            "Price": 15.78,
            "ProductID": "6_3"
        },
        {
            "Price": 21.19,
            "ProductID": "7_1"
        },
        {
            "Price": 17.49,
            "ProductID": "7_2"
        },
        {
            "Price": 14.39,
            "ProductID": "7_3"
        },
        {
            "Price": 16.99,
            "ProductID": "8_1"
        },
        {
            "Price": 18.31,
            "ProductID": "8_2"
        },
        {
            "Price": 16.68,
            "ProductID": "8_3"
        },
        {
            "Price": 6.84,
            "ProductID": "9_1"
        },
        {
            "Price": 11.37,
            "ProductID": "9_2"
        },
        {
            "Price": 12.47,
            "ProductID": "9_3"
        },
        {
            "Price": 19.14,
            "ProductID": "10_1"
        },
        {
            "Price": 9.69,
            "ProductID": "10_2"
        },
        {
            "Price": 21.17,
            "ProductID": "10_3"
        },
        {
            "Price": 9.29,
            "ProductID": "11_1"
        },
        {
            "Price": 18.15,
            "ProductID": "11_2"
        },
        {
            "Price": 18.19,
            "ProductID": "11_3"
        },
        {
            "Price": 13.15,
            "ProductID": "12_1"
        },
        {
            "Price": 13.36,
            "ProductID": "12_2"
        },
        {
            "Price": 5.37,
            "ProductID": "12_3"
        },
        {
            "Price": 14.12,
            "ProductID": "13_1"
        },
        {
            "Price": 14.39,
            "ProductID": "13_2"
        },
        {
            "Price": 11.21,
            "ProductID": "13_3"
        },
        {
            "Price": 17.39,
            "ProductID": "14_1"
        },
        {
            "Price": 17.99,
            "ProductID": "14_2"
        },
        {
            "Price": 9.73,
            "ProductID": "14_3"
        },
        {
            "Price": 12.09,
            "ProductID": "15_1"
        },
        {
            "Price": 14.39,
            "ProductID": "15_2"
        },
        {
            "Price": 17.2,
            "ProductID": "15_3"
        },
        {
            "Price": 17.65,
            "ProductID": "16_1"
        },
        {
            "Price": 23.71,
            "ProductID": "16_2"
        },
        {
            "Price": 15.32,
            "ProductID": "16_3"
        },
        {
            "Price": 10.49,
            "ProductID": "17_1"
        },
        {
            "Price": 13.37,
            "ProductID": "17_2"
        },
        {
            "Price": 11.52,
            "ProductID": "17_3"
        },
        {
            "Price": 13.75,
            "ProductID": "18_1"
        },
        {
            "Price": 16.29,
            "ProductID": "18_2"
        },
        {
            "Price": 12.82,
            "ProductID": "18_3"
        },
        {
            "Price": 6.93,
            "ProductID": "19_1"
        },
        {
            "Price": 19.35,
            "ProductID": "19_2"
        },
        {
            "Price": 21.63,
            "ProductID": "19_3"
        },
        {
            "Price": 7.85,
            "ProductID": "20_1"
        },
        {
            "Price": 11.95,
            "ProductID": "20_2"
        },
        {
            "Price": 18.99,
            "ProductID": "20_3"
        }
    ],
    "StoreID": 6
}