{
    "PriceDate": "2018-02-06 00:00:00",
    "PriceUpdates": [
        {
            "Price": 15.52,
            "ProductID": "1_1"
        },
        {
            "Price": 21.28,
            "ProductID": "1_2"
        },
        {
            "Price": 17.48,
            "ProductID": "1_3"
        },
        {
            "Price": 12.49,
            "ProductID": "2_1"
        },
        {
            "Price": 11.46,
            "ProductID": "2_2"
        },
        {
            "Price": 15.22,
            "ProductID": "2_3"
        },
        {
            "Price": 14.73,
            "ProductID": "3_1"
        },
        {
            "Price": 11.12,
            "ProductID": "3_2"
        },
        {
            "Price": 13.2,
            "ProductID": "3_3"
        },
        {
            "Price": 19.13,
            "ProductID": "4_1"
        },
        {
            "Price": 10.94,
            "ProductID": "4_2"
        },
        {
            "Price": 15.5,
            "ProductID": "4_3"
        },
        {
            "Price": 11.61,
            "ProductID": "5_1"
        },
        {
            "Price": 10.22,
            "ProductID": "5_2"
        },
        {
            "Price": 5.79,
            "ProductID": "5_3"
        },
        {
            "Price": 12.31,
            "ProductID": "6_1"
        },
        {
            "Price": 13.67,
            "ProductID": "6_2"
        },
        {
            "Price": 9.25,
            "ProductID": "6_3"
        },
        {
            "Price": 22.68,
            "ProductID": "7_1"
        },
        {
            "Price": 10.52,
            "ProductID": "7_2"
        },
        {
            "Price": 15.03,
            "ProductID": "7_3"
        },
        {
            "Price": 12.67,
            "ProductID": "8_1"
        },
        {
            "Price": 25.52,
            "ProductID": "8_2"
        },
        {
            "Price": 8.57,
            "ProductID": "8_3"
        },
        {
            "Price": 7.06,
            "ProductID": "9_1"
        },
        {
            "Price": 12.73,
            "ProductID": "9_2"
        },
        {
            "Price": 19.29,
            "ProductID": "9_3"
        },
        {
            "Price": 18.19,
            "ProductID": "10_1"
        },
        {
            "Price": 14.67,
            "ProductID": "10_2"
        },
        {
            "Price": 22.85,
            "ProductID": "10_3"
        },
        {
            "Price": 14.02,
            "ProductID": "11_1"
        },
        {
            "Price": 18.21,
            "ProductID": "11_2"
        },
        {
            "Price": 18.7,
            "ProductID": "11_3"
        },
        {
            "Price": 18.06,
            "ProductID": "12_1"
        },
        {
            "Price": 13.59,
            "ProductID": "12_2"
        },
        {
            "Price": 3.49,
            "ProductID": "12_3"
        },
        {
            "Price": 11.65,
            "ProductID": "13_1"
        },
        {
            "Price": 21.42,
            "ProductID": "13_2"
        },
        {
            "Price": 9.54,
            "ProductID": "13_3"
        },
        {
            "Price": 15.11,
            "ProductID": "14_1"
        },
        {
            "Price": 16.05,
            "ProductID": "14_2"
        },
        {
            "Price": 12.8,
            "ProductID": "14_3"
        },
        {
            "Price": 12.47,
            "ProductID": "15_1"
        },
        {
            "Price": 14.46,
            "ProductID": "15_2"
        },
        {
            "Price": 18.68,
            "ProductID": "15_3"
        },
        {
            "Price": 17.94,
            "ProductID": "16_1"
        },
        {
            "Price": 9.06,
            "ProductID": "16_2"
        },
        {
            "Price": 13.43,
            "ProductID": "16_3"
        },
        {
            "Price": 15.19,
            "ProductID": "17_1"
        },
        {
            "Price": 18.62,
            "ProductID": "17_2"
        },
        {
            "Price": 12.19,
            "ProductID": "17_3"
        },
        {
            "Price": 11.18,
            "ProductID": "18_1"
        },
        {
            "Price": 9.42,
            "ProductID": "18_2"
        },
        {
            "Price": 8.93,
            "ProductID": "18_3"
        },
        {
            "Price": 6.78,
            "ProductID": "19_1"
        },
        {
            "Price": 8.26,
            "ProductID": "19_2"
        },
        {
            "Price": 21.28,
            "ProductID": "19_3"
        },
        {
            "Price": 10.2,
            "ProductID": "20_1"
        },
        {
            "Price": 11.15,
            "ProductID": "20_2"
        },
        {
            "Price": 20.51,
            "ProductID": "20_3"
        }
    ],
    "StoreID": 6
}