{
    "PriceDate": "2018-04-10 00:00:00",
    "PriceUpdates": [
        {
            "Price": 13.06,
            "ProductID": "1_1"
        },
        {
            "Price": 14.91,
            "ProductID": "1_2"
        },
        {
            "Price": 18.89,
            "ProductID": "1_3"
        },
        {
            "Price": 13.02,
            "ProductID": "2_1"
        },
        {
            "Price": 15.75,
            "ProductID": "2_2"
        },
        {
            "Price": 19.1,
            "ProductID": "2_3"
        },
        {
            "Price": 9.39,
            "ProductID": "3_1"
        },
        {
            "Price": 14.38,
            "ProductID": "3_2"
        },
        {
            "Price": 12.9,
            "ProductID": "3_3"
        },
        {
            "Price": 16.26,
            "ProductID": "4_1"
        },
        {
            "Price": 14.22,
            "ProductID": "4_2"
        },
        {
            "Price": 15.26,
            "ProductID": "4_3"
        },
        {
            "Price": 17.78,
            "ProductID": "5_1"
        },
        {
            "Price": 15.22,
            "ProductID": "5_2"
        },
        {
            "Price": 14.08,
            "ProductID": "5_3"
        },
        {
            "Price": 12.08,
            "ProductID": "6_1"
        },
        {
            "Price": 25.51,
            "ProductID": "6_2"
        },
        {
            "Price": 17.55,
            "ProductID": "6_3"
        },
        {
            "Price": 16.11,
            "ProductID": "7_1"
        },
        {
            "Price": 18.04,
            "ProductID": "7_2"
        },
        {
            "Price": 16.28,
            "ProductID": "7_3"
        },
        {
            "Price": 11.01,
            "ProductID": "8_1"
        },
        {
            "Price": 16.19,
            "ProductID": "8_2"
        },
        {
            "Price": 14.01,
            "ProductID": "8_3"
        },
        {
            "Price": 11.6,
            "ProductID": "9_1"
        },
        {
            "Price": 11.85,
            "ProductID": "9_2"
        },
        {
            "Price": 18.67,
            "ProductID": "9_3"
        },
        {
            "Price": 18.05,
            "ProductID": "10_1"
        },
        {
            "Price": 12.75,
            "ProductID": "10_2"
        },
        {
            "Price": 8.13,
            "ProductID": "10_3"
        },
        {
            "Price": 13.75,
            "ProductID": "11_1"
        },
        {
            "Price": 20.08,
            "ProductID": "11_2"
        },
        {
            "Price": 15.08,
            "ProductID": "11_3"
        },
        {
            "Price": 12.62,
            "ProductID": "12_1"
        },
        {
            "Price": 15.38,
            "ProductID": "12_2"
        },
        {
            "Price": 3.98,
            "ProductID": "12_3"
        },
        {
            "Price": 7.92,
            "ProductID": "13_1"
        },
        {
            "Price": 24.12,
            "ProductID": "13_2"
        },
        {
            "Price": 16.04,
            "ProductID": "13_3"
        },
        {
            "Price": 17.27,
            "ProductID": "14_1"
        },
        {
            "Price": 13.07,
            "ProductID": "14_2"
        },
        {
            "Price": 22.47,
            "ProductID": "14_3"
        },
        {
            "Price": 17.66,
            "ProductID": "15_1"
        },
        {
            "Price": 14.97,
            "ProductID": "15_2"
        },
        {
            "Price": 16.9,
            "ProductID": "15_3"
        },
        {
            "Price": 14.73,
            "ProductID": "16_1"
        },
        {
            "Price": 9.34,
            "ProductID": "16_2"
        },
        {
            "Price": 7.98,
            "ProductID": "16_3"
        },
        {
            "Price": 14.4,
            "ProductID": "17_1"
        },
        {
            "Price": 14.43,
            "ProductID": "17_2"
        },
        {
            "Price": 10.63,
            "ProductID": "17_3"
        },
        {
            "Price": 11.18,
            "ProductID": "18_1"
        },
        {
            "Price": 12.56,
            "ProductID": "18_2"
        },
        {
            "Price": 8.71,
            "ProductID": "18_3"
        },
        {
            "Price": 6.73,
            "ProductID": "19_1"
        },
        {
            "Price": 15.81,
            "ProductID": "19_2"
        },
        {
            "Price": 18.28,
            "ProductID": "19_3"
        },
        {
            "Price": 8.67,
            "ProductID": "20_1"
        },
        {
            "Price": 16.67,
            "ProductID": "20_2"
        },
        {
            "Price": 25.05,
            "ProductID": "20_3"
        }
    ],
    "StoreID": 6
}