{
    "PriceDate": "2018-06-12 00:00:00",
    "PriceUpdates": [
        {
            "Price": 18.11,
            "ProductID": "1_1"
        },
        {
            "Price": 12.49,
            "ProductID": "1_2"
        },
        {
            "Price": 19.44,
            "ProductID": "1_3"
        },
        {
            "Price": 17.05,
            "ProductID": "2_1"
        },
        {
            "Price": 17.74,
            "ProductID": "2_2"
        },
        {
            "Price": 18.0,
            "ProductID": "2_3"
        },
        {
            "Price": 10.33,
            "ProductID": "3_1"
        },
        {
            "Price": 17.54,
            "ProductID": "3_2"
        },
        {
            "Price": 13.92,
            "ProductID": "3_3"
        },
        {
            "Price": 20.25,
            "ProductID": "4_1"
        },
        {
            "Price": 8.19,
            "ProductID": "4_2"
        },
        {
            "Price": 20.96,
            "ProductID": "4_3"
        },
        {
            "Price": 14.45,
            "ProductID": "5_1"
        },
        {
            "Price": 15.06,
            "ProductID": "5_2"
        },
        {
            "Price": 8.9,
            "ProductID": "5_3"
        },
        {
            "Price": 12.47,
            "ProductID": "6_1"
        },
        {
            "Price": 23.28,
            "ProductID": "6_2"
        },
        {
            "Price": 17.89,
            "ProductID": "6_3"
        },
        {
            "Price": 13.84,
            "ProductID": "7_1"
        },
        {
            "Price": 18.14,
            "ProductID": "7_2"
        },
        {
            "Price": 13.73,
            "ProductID": "7_3"
        },
        {
            "Price": 13.47,
            "ProductID": "8_1"
        },
        {
            "Price": 24.17,
            "ProductID": "8_2"
        },
        {
            "Price": 9.79,
            "ProductID": "8_3"
        },
        {
            "Price": 11.55,
            "ProductID": "9_1"
        },
        {
            "Price": 12.64,
            "ProductID": "9_2"
        },
        {
            "Price": 18.18,
            "ProductID": "9_3"
        },
        {
            "Price": 16.24,
            "ProductID": "10_1"
        },
        {
            "Price": 14.48,
            "ProductID": "10_2"
        },
        {
            "Price": 9.47,
            "ProductID": "10_3"
        },
        {
            "Price": 14.55,
            "ProductID": "11_1"
        },
        {
            "Price": 16.73,
            "ProductID": "11_2"
        },
        {
            "Price": 19.73,
            "ProductID": "11_3"
        },
        {
            "Price": 17.15,
            "ProductID": "12_1"
        },
        {
            "Price": 16.47,
            "ProductID": "12_2"
        },
        {
            "Price": 12.37,
            "ProductID": "12_3"
        },
        {
            "Price": 18.95,
            "ProductID": "13_1"
        },
        {
            "Price": 14.23,
            "ProductID": "13_2"
        },
        {
            "Price": 8.06,
            "ProductID": "13_3"
        },
        {
            "Price": 17.58,
            "ProductID": "14_1"
        },
        {
            "Price": 13.04,
            "ProductID": "14_2"
        },
        {
            "Price": 19.55,
            "ProductID": "14_3"
        },
        {
            "Price": 14.28,
            "ProductID": "15_1"
        },
        {
            "Price": 11.33,
            "ProductID": "15_2"
        },
        {
            "Price": 20.49,
            "ProductID": "15_3"
        },
        {
            "Price": 14.86,
            "ProductID": "16_1"
        },
        {
            "Price": 9.06,
            "ProductID": "16_2"
        },
        {
            "Price": 6.53,
            "ProductID": "16_3"
        },
        {
            "Price": 15.65,
            "ProductID": "17_1"
        },
        {
            "Price": 16.99,
            "ProductID": "17_2"
        },
        {
            "Price": 19.12,
            "ProductID": "17_3"
        },
        {
            "Price": 13.4,
            "ProductID": "18_1"
        },
        {
            "Price": 12.8,
            "ProductID": "18_2"
        },
        {
            "Price": 11.15,
            "ProductID": "18_3"
        },
        {
            "Price": 6.6,
            "ProductID": "19_1"
        },
        {
            "Price": 11.68,
            "ProductID": "19_2"
        },
        {
            "Price": 20.45,
            "ProductID": "19_3"
        },
        {
            "Price": 7.83,
            "ProductID": "20_1"
        },
        {
            "Price": 19.44,
            "ProductID": "20_2"
        },
        {
            "Price": 20.65,
            "ProductID": "20_3"
        }
    ],
    "StoreID": 1
}