{
    "PriceDate": "2018-05-08 00:00:00",
    "PriceUpdates": [
        {
            "Price": 13.95,
            "ProductID": "1_1"
        },
        {
            "Price": 19.84,
            "ProductID": "1_2"
        },
        {
            "Price": 18.59,
            "ProductID": "1_3"
        },
        {
            "Price": 15.65,
            "ProductID": "2_1"
        },
        {
            "Price": 18.31,
            "ProductID": "2_2"
        },
        {
            "Price": 18.03,
            "ProductID": "2_3"
        },
        {
            "Price": 15.1,
            "ProductID": "3_1"
        },
        {
            "Price": 12.61,
            "ProductID": "3_2"
        },
        {
            "Price": 15.98,
            "ProductID": "3_3"
        },
        {
            "Price": 19.74,
            "ProductID": "4_1"
        },
        {
            "Price": 12.48,
            "ProductID": "4_2"
        },
        {
            "Price": 22.1,
            "ProductID": "4_3"
        },
        {
            "Price": 12.86,
            "ProductID": "5_1"
        },
        {
            "Price": 13.56,
            "ProductID": "5_2"
        },
        {
            "Price": 10.91,
            "ProductID": "5_3"
        },
        {
            "Price": 11.83,
            "ProductID": "6_1"
        },
        {
            "Price": 22.49,
            "ProductID": "6_2"
        },
        {
            "Price": 13.3,
            "ProductID": "6_3"
        },
        {
            "Price": 14.61,
            "ProductID": "7_1"
        },
        {
            "Price": 17.08,
            "ProductID": "7_2"
        },
        {
            "Price": 14.15,
            "ProductID": "7_3"
        },
        {
            "Price": 14.97,
            "ProductID": "8_1"
        },
        {
            "Price": 24.87,
            "ProductID": "8_2"
        },
        {
            "Price": 19.83,
            "ProductID": "8_3"
        },
        {
            "Price": 9.92,
            "ProductID": "9_1"
        },
        {
            "Price": 9.45,
            "ProductID": "9_2"
        },
        {
            "Price": 21.14,
            "ProductID": "9_3"
        },
        {
            "Price": 16.54,
            "ProductID": "10_1"
        },
        {
            "Price": 14.77,
            "ProductID": "10_2"
        },
        {
            "Price": 10.81,
            "ProductID": "10_3"
        },
        {
            "Price": 9.73,
            "ProductID": "11_1"
        },
        {
            "Price": 20.86,
            "ProductID": "11_2"
        },
        {
            "Price": 16.09,
            "ProductID": "11_3"
        },
        {
            "Price": 12.11,
            "ProductID": "12_1"
        },
        {
            "Price": 14.29,
            "ProductID": "12_2"
        },
        {
            "Price": 11.41,
            "ProductID": "12_3"
        },
        {
            "Price": 7.75,
            "ProductID": "13_1"
        },
        {
            "Price": 18.31,
            "ProductID": "13_2"
        },
        {
            "Price": 7.54,
            "ProductID": "13_3"
        },
        {
            "Price": 15.32,
            "ProductID": "14_1"
        },
        {
            "Price": 15.09,
            "ProductID": "14_2"
        },
        {
            "Price": 22.63,
            "ProductID": "14_3"
        },
        {
            "Price": 15.8,
            "ProductID": "15_1"
        },
        {
            "Price": 15.28,
            "ProductID": "15_2"
        },
        {
            "Price": 14.05,
            "ProductID": "15_3"
        },
        {
            "Price": 16.22,
            "ProductID": "16_1"
        },
        {
            "Price": 15.17,
            "ProductID": "16_2"
        },
        {
            "Price": 8.57,
            "ProductID": "16_3"
        },
        {
            "Price": 10.0,
            "ProductID": "17_1"
        },
        {
            "Price": 16.62,
            "ProductID": "17_2"
        },
        {
            "Price": 16.81,
            "ProductID": "17_3"
        },
        {
            "Price": 13.93,
            "ProductID": "18_1"
        },
        {
            "Price": 13.64,
            "ProductID": "18_2"
        },
        {
            "Price": 12.57,
            "ProductID": "18_3"
        },
        {
            "Price": 6.86,
            "ProductID": "19_1"
        },
        {
            "Price": 10.88,
            "ProductID": "19_2"
        },
        {
            "Price": 21.62,
            "ProductID": "19_3"
        },
        {
            "Price": 10.5,
            "ProductID": "20_1"
        },
        {
            "Price": 15.51,
            "ProductID": "20_2"
        },
        {
            "Price": 11.56,
            "ProductID": "20_3"
        }
    ],
    "StoreID": 2
}