{
    "PriceDate": "2018-02-20 00:00:00",
    "PriceUpdates": [
        {
            "Price": 15.82,
            "ProductID": "1_1"
        },
        {
            "Price": 7.94,
            "ProductID": "1_2"
        },
        {
            "Price": 17.39,
            "ProductID": "1_3"
        },
        {
            "Price": 9.46,
            "ProductID": "2_1"
        },
        {
            "Price": 12.41,
            "ProductID": "2_2"
        },
        {
            "Price": 20.82,
            "ProductID": "2_3"
        },
        {
            "Price": 15.8,
            "ProductID": "3_1"
        },
        {
            "Price": 20.56,
            "ProductID": "3_2"
        },
        {
            "Price": 17.99,
            "ProductID": "3_3"
        },
        {
            "Price": 20.14,
            "ProductID": "4_1"
        },
        {
            "Price": 13.82,
            "ProductID": "4_2"
        },
        {
            "Price": 20.63,
            "ProductID": "4_3"
        },
        {
            "Price": 20.72,
            "ProductID": "5_1"
        },
        {
            "Price": 9.81,
            "ProductID": "5_2"
        },
        {
            "Price": 8.16,
            "ProductID": "5_3"
        },
        {
            "Price": 12.91,
            "ProductID": "6_1"
        },
        {
            "Price": 25.84,
            "ProductID": "6_2"
        },
        {
            "Price": 15.8,
            "ProductID": "6_3"
        },
        {
            "Price": 18.21,
            "ProductID": "7_1"
        },
        {
            "Price": 11.53,
            "ProductID": "7_2"
        },
        {
            "Price": 16.01,
            "ProductID": "7_3"
        },
        {
            "Price": 11.76,
            "ProductID": "8_1"
        },
        {
            "Price": 23.05,
            "ProductID": "8_2"
        },
        {
            "Price": 12.85,
            "ProductID": "8_3"
        },
        {
            "Price": 12.94,
            "ProductID": "9_1"
        },
        {
            "Price": 8.38,
            "ProductID": "9_2"
        },
        {
            "Price": 19.14,
            "ProductID": "9_3"
        },
        {
            "Price": 20.01,
            "ProductID": "10_1"
        },
        {
            "Price": 9.85,
            "ProductID": "10_2"
        },
        {
            "Price": 14.26,
            "ProductID": "10_3"
        },
        {
            "Price": 20.25,
            "ProductID": "11_1"
        },
        {
            "Price": 17.96,
            "ProductID": "11_2"
        },
        {
            "Price": 10.53,
            "ProductID": "11_3"
        },
        {
            "Price": 19.06,
            "ProductID": "12_1"
        },
        {
            "Price": 15.99,
            "ProductID": "12_2"
        },
        {
            "Price": 3.8,
            "ProductID": "12_3"
        },
        {
            "Price": 15.72,
            "ProductID": "13_1"
        },
        {
            "Price": 21.15,
            "ProductID": "13_2"
        },
        {
            "Price": 11.33,
            "ProductID": "13_3"
        },
        {
            "Price": 17.04,
            "ProductID": "14_1"
        },
        {
            "Price": 12.83,
            "ProductID": "14_2"
        },
        {
            "Price": 20.53,
            "ProductID": "14_3"
        },
        {
            "Price": 15.43,
            "ProductID": "15_1"
        },
        {
            "Price": 15.69,
            "ProductID": "15_2"
        },
        {
            "Price": 16.43,
            "ProductID": "15_3"
        },
        {
            "Price": 16.28,
            "ProductID": "16_1"
        },
        {
            "Price": 14.05,
            "ProductID": "16_2"
        },
        {
            "Price": 14.9,
            "ProductID": "16_3"
        },
        {
            "Price": 15.44,
            "ProductID": "17_1"
        },
        {
            "Price": 18.28,
            "ProductID": "17_2"
        },
        {
            "Price": 12.51,
            "ProductID": "17_3"
        },
        {
            "Price": 13.11,
            "ProductID": "18_1"
        },
        {
            "Price": 15.44,
            "ProductID": "18_2"
        },
        {
            "Price": 13.05,
            "ProductID": "18_3"
        },
        {
            "Price": 6.94,
            "ProductID": "19_1"
        },
        {
            "Price": 15.74,
            "ProductID": "19_2"
        },
        {
            "Price": 18.37,
            "ProductID": "19_3"
        },
        {
            "Price": 10.38,
            "ProductID": "20_1"
        },
        {
            "Price": 10.22,
            "ProductID": "20_2"
        },
        {
            "Price": 11.67,
            "ProductID": "20_3"
        }
    ],
    "StoreID": 6
}