{
    "PriceDate": "2018-05-22 00:00:00",
    "PriceUpdates": [
        {
            "Price": 13.53,
            "ProductID": "1_1"
        },
        {
            "Price": 9.33,
            "ProductID": "1_2"
        },
        {
            "Price": 18.79,
            "ProductID": "1_3"
        },
        {
            "Price": 13.38,
            "ProductID": "2_1"
        },
        {
            "Price": 14.28,
            "ProductID": "2_2"
        },
        {
            "Price": 21.07,
            "ProductID": "2_3"
        },
        {
            "Price": 13.94,
            "ProductID": "3_1"
        },
        {
            "Price": 18.62,
            "ProductID": "3_2"
        },
        {
            "Price": 14.07,
            "ProductID": "3_3"
        },
        {
            "Price": 16.59,
            "ProductID": "4_1"
        },
        {
            "Price": 9.84,
            "ProductID": "4_2"
        },
        {
            "Price": 17.83,
            "ProductID": "4_3"
        },
        {
            "Price": 20.81,
            "ProductID": "5_1"
        },
        {
            "Price": 15.66,
            "ProductID": "5_2"
        },
        {
            "Price": 11.35,
            "ProductID": "5_3"
        },
        {
            "Price": 12.39,
            "ProductID": "6_1"
        },
        {
            "Price": 25.95,
            "ProductID": "6_2"
        },
        {
            "Price": 12.74,
            "ProductID": "6_3"
        },
        {
            "Price": 17.45,
            "ProductID": "7_1"
        },
        {
            "Price": 11.65,
            "ProductID": "7_2"
        },
        {
            "Price": 13.88,
            "ProductID": "7_3"
        },
        {
            "Price": 16.68,
            "ProductID": "8_1"
        },
        {
            "Price": 23.96,
            "ProductID": "8_2"
        },
        {
            "Price": 6.7,
            "ProductID": "8_3"
        },
        {
            "Price": 9.11,
            "ProductID": "9_1"
        },
        {
            "Price": 9.16,
            "ProductID": "9_2"
        },
        {
            "Price": 17.97,
            "ProductID": "9_3"
        },
        {
            "Price": 18.13,
            "ProductID": "10_1"
        },
        {
            "Price": 13.58,
            "ProductID": "10_2"
        },
        {
            "Price": 15.63,
            "ProductID": "10_3"
        },
        {
            "Price": 8.45,
            "ProductID": "11_1"
        },
        {
            "Price": 19.78,
            "ProductID": "11_2"
        },
        {
            "Price": 22.03,
            "ProductID": "11_3"
        },
        {
            "Price": 16.54,
            "ProductID": "12_1"
        },
        {
            "Price": 16.0,
            "ProductID": "12_2"
        },
        {
            "Price": 10.53,
            "ProductID": "12_3"
        },
        {
            "Price": 13.78,
            "ProductID": "13_1"
        },
        {
            "Price": 15.73,
            "ProductID": "13_2"
        },
        {
            "Price": 16.79,
            "ProductID": "13_3"
        },
        {
            "Price": 12.63,
            "ProductID": "14_1"
        },
        {
            "Price": 17.97,
            "ProductID": "14_2"
        },
        {
            "Price": 13.14,
            "ProductID": "14_3"
        },
        {
            "Price": 14.18,
            "ProductID": "15_1"
        },
        {
            "Price": 15.17,
            "ProductID": "15_2"
        },
        {
            "Price": 22.67,
            "ProductID": "15_3"
        },
        {
            "Price": 17.34,
            "ProductID": "16_1"
        },
        {
            "Price": 8.17,
            "ProductID": "16_2"
        },
        {
            "Price": 11.29,
            "ProductID": "16_3"
        },
        {
            "Price": 12.19,
            "ProductID": "17_1"
        },
        {
            "Price": 15.1,
            "ProductID": "17_2"
        },
        {
            "Price": 21.81,
            "ProductID": "17_3"
        },
        {
            "Price": 14.99,
            "ProductID": "18_1"
        },
        {
            "Price": 15.82,
            "ProductID": "18_2"
        },
        {
            "Price": 9.93,
            "ProductID": "18_3"
        },
        {
            "Price": 7.25,
            "ProductID": "19_1"
        },
        {
            "Price": 17.76,
            "ProductID": "19_2"
        },
        {
            "Price": 20.47,
            "ProductID": "19_3"
        },
        {
            "Price": 11.32,
            "ProductID": "20_1"
        },
        {
            "Price": 11.55,
            "ProductID": "20_2"
        },
        {
            "Price": 23.31,
            "ProductID": "20_3"
        }
    ],
    "StoreID": 3
}