{
    "PriceDate": "2018-05-15 00:00:00",
    "PriceUpdates": [
        {
            "Price": 16.9833333333,
            "ProductID": "1_1"
        },
        {
            "Price": 12.0266666667,
            "ProductID": "1_2"
        },
        {
            "Price": 18.6355555556,
            "ProductID": "1_3"
        },
        {
            "Price": 11.0977777778,
            "ProductID": "2_1"
        },
        {
            "Price": 14.9755555556,
            "ProductID": "2_2"
        },
        {
            "Price": 24.67,
            "ProductID": "2_3"
        },
        {
            "Price": 17.18,
            "ProductID": "3_1"
        },
        {
            "Price": 15.83,
            "ProductID": "3_2"
        },
        {
            "Price": 17.18,
            "ProductID": "3_3"
        },
        {
            "Price": 19.2455555556,
            "ProductID": "4_1"
        },
        {
            "Price": 15.8611111111,
            "ProductID": "4_2"
        },
        {
            "Price": 22.63,
            "ProductID": "4_3"
        },
        {
            "Price": 16.1177777778,
            "ProductID": "5_1"
        },
        {
            "Price": 13.9922222222,
            "ProductID": "5_2"
        },
        {
            "Price": 7.615555555560001,
            "ProductID": "5_3"
        },
        {
            "Price": 13.02,
            "ProductID": "6_1"
        },
        {
            "Price": 19.05,
            "ProductID": "6_2"
        },
        {
            "Price": 15.03,
            "ProductID": "6_3"
        },
        {
            "Price": 23.91,
            "ProductID": "7_1"
        },
        {
            "Price": 13.583333333299999,
            "ProductID": "7_2"
        },
        {
            "Price": 15.304444444400001,
            "ProductID": "7_3"
        },
        {
            "Price": 10.1733333333,
            "ProductID": "8_1"
        },
        {
            "Price": 23.3533333333,
            "ProductID": "8_2"
        },
        {
            "Price": 7.976666666669999,
            "ProductID": "8_3"
        },
        {
            "Price": 8.11555555556,
            "ProductID": "9_1"
        },
        {
            "Price": 9.86111111111,
            "ProductID": "9_2"
        },
        {
            "Price": 16.8433333333,
            "ProductID": "9_3"
        },
        {
            "Price": 19.9622222222,
            "ProductID": "10_1"
        },
        {
            "Price": 14.2955555556,
            "ProductID": "10_2"
        },
        {
            "Price": 12.406666666700001,
            "ProductID": "10_3"
        },
        {
            "Price": 10.9733333333,
            "ProductID": "11_1"
        },
        {
            "Price": 22.99,
            "ProductID": "11_2"
        },
        {
            "Price": 21.2733333333,
            "ProductID": "11_3"
        },
        {
            "Price": 20.78,
            "ProductID": "12_1"
        },
        {
            "Price": 18.73,
            "ProductID": "12_2"
        },
        {
            "Price": 6.43,
            "ProductID": "12_3"
        },
        {
            "Price": 12.49,
            "ProductID": "13_1"
        },
        {
            "Price": 16.51,
            "ProductID": "13_2"
        },
        {
            "Price": 10.48,
            "ProductID": "13_3"
        },
        {
            "Price": 16.9544444444,
            "ProductID": "14_1"
        },
        {
            "Price": 20.7166666667,
            "ProductID": "14_2"
        },
        {
            "Price": 15.073333333299999,
            "ProductID": "14_3"
        },
        {
            "Price": 16.888888888900002,
            "ProductID": "15_1"
        },
        {
            "Price": 15.3511111111,
            "ProductID": "15_2"
        },
        {
            "Price": 21.502222222199997,
            "ProductID": "15_3"
        },
        {
            "Price": 23.1566666667,
            "ProductID": "16_1"
        },
        {
            "Price": 12.54,
            "ProductID": "16_2"
        },
        {
            "Price": 10.4166666667,
            "ProductID": "16_3"
        },
        {
            "Price": 14.841111111099998,
            "ProductID": "17_1"
        },
        {
            "Price": 17.636666666700002,
            "ProductID": "17_2"
        },
        {
            "Price": 17.636666666700002,
            "ProductID": "17_3"
        },
        {
            "Price": 15.9566666667,
            "ProductID": "18_1"
        },
        {
            "Price": 18.7655555556,
            "ProductID": "18_2"
        },
        {
            "Price": 11.743333333299999,
            "ProductID": "18_3"
        },
        {
            "Price": 5.98,
            "ProductID": "19_1"
        },
        {
            "Price": 14.2066666667,
            "ProductID": "19_2"
        },
        {
            "Price": 24.49,
            "ProductID": "19_3"
        },
        {
            "Price": 9.56888888889,
            "ProductID": "20_1"
        },
        {
            "Price": 16.2855555556,
            "ProductID": "20_2"
        },
        {
            "Price": 18.5244444444,
            "ProductID": "20_3"
        }
    ],
    "StoreID": 4
}