{
    "PriceDate": "2018-03-13 00:00:00",
    "PriceUpdates": [
        {
            "Price": 15.57,
            "ProductID": "1_1"
        },
        {
            "Price": 8.76,
            "ProductID": "1_2"
        },
        {
            "Price": 18.95,
            "ProductID": "1_3"
        },
        {
            "Price": 13.41,
            "ProductID": "2_1"
        },
        {
            "Price": 11.78,
            "ProductID": "2_2"
        },
        {
            "Price": 23.27,
            "ProductID": "2_3"
        },
        {
            "Price": 16.13,
            "ProductID": "3_1"
        },
        {
            "Price": 19.15,
            "ProductID": "3_2"
        },
        {
            "Price": 17.99,
            "ProductID": "3_3"
        },
        {
            "Price": 14.58,
            "ProductID": "4_1"
        },
        {
            "Price": 9.24,
            "ProductID": "4_2"
        },
        {
            "Price": 15.96,
            "ProductID": "4_3"
        },
        {
            "Price": 17.25,
            "ProductID": "5_1"
        },
        {
            "Price": 16.75,
            "ProductID": "5_2"
        },
        {
            "Price": 14.08,
            "ProductID": "5_3"
        },
        {
            "Price": 11.11,
            "ProductID": "6_1"
        },
        {
            "Price": 22.59,
            "ProductID": "6_2"
        },
        {
            "Price": 9.64,
            "ProductID": "6_3"
        },
        {
            "Price": 13.81,
            "ProductID": "7_1"
        },
        {
            "Price": 17.47,
            "ProductID": "7_2"
        },
        {
            "Price": 14.0,
            "ProductID": "7_3"
        },
        {
            "Price": 9.61,
            "ProductID": "8_1"
        },
        {
            "Price": 19.58,
            "ProductID": "8_2"
        },
        {
            "Price": 16.38,
            "ProductID": "8_3"
        },
        {
            "Price": 9.84,
            "ProductID": "9_1"
        },
        {
            "Price": 11.79,
            "ProductID": "9_2"
        },
        {
            "Price": 18.56,
            "ProductID": "9_3"
        },
        {
            "Price": 18.7,
            "ProductID": "10_1"
        },
        {
            "Price": 15.29,
            "ProductID": "10_2"
        },
        {
            "Price": 10.95,
            "ProductID": "10_3"
        },
        {
            "Price": 17.92,
            "ProductID": "11_1"
        },
        {
            "Price": 14.45,
            "ProductID": "11_2"
        },
        {
            "Price": 10.5,
            "ProductID": "11_3"
        },
        {
            "Price": 12.25,
            "ProductID": "12_1"
        },
        {
            "Price": 18.64,
            "ProductID": "12_2"
        },
        {
            "Price": 10.08,
            "ProductID": "12_3"
        },
        {
            "Price": 8.92,
            "ProductID": "13_1"
        },
        {
            "Price": 21.2,
            "ProductID": "13_2"
        },
        {
            "Price": 15.34,
            "ProductID": "13_3"
        },
        {
            "Price": 12.16,
            "ProductID": "14_1"
        },
        {
            "Price": 19.79,
            "ProductID": "14_2"
        },
        {
            "Price": 20.63,
            "ProductID": "14_3"
        },
        {
            "Price": 16.37,
            "ProductID": "15_1"
        },
        {
            "Price": 10.81,
            "ProductID": "15_2"
        },
        {
            "Price": 21.74,
            "ProductID": "15_3"
        },
        {
            "Price": 15.97,
            "ProductID": "16_1"
        },
        {
            "Price": 21.4,
            "ProductID": "16_2"
        },
        {
            "Price": 12.52,
            "ProductID": "16_3"
        },
        {
            "Price": 15.41,
            "ProductID": "17_1"
        },
        {
            "Price": 15.8,
            "ProductID": "17_2"
        },
        {
            "Price": 11.52,
            "ProductID": "17_3"
        },
        {
            "Price": 15.29,
            "ProductID": "18_1"
        },
        {
            "Price": 10.79,
            "ProductID": "18_2"
        },
        {
            "Price": 7.91,
            "ProductID": "18_3"
        },
        {
            "Price": 7.3,
            "ProductID": "19_1"
        },
        {
            "Price": 12.92,
            "ProductID": "19_2"
        },
        {
            "Price": 20.66,
            "ProductID": "19_3"
        },
        {
            "Price": 8.36,
            "ProductID": "20_1"
        },
        {
            "Price": 15.49,
            "ProductID": "20_2"
        },
        {
            "Price": 27.45,
            "ProductID": "20_3"
        }
    ],
    "StoreID": 3
}