{
    "PriceDate": "2018-06-26 00:00:00",
    "PriceUpdates": [
        {
            "Price": 14.62,
            "ProductID": "1_1"
        },
        {
            "Price": 13.2,
            "ProductID": "1_2"
        },
        {
            "Price": 19.68,
            "ProductID": "1_3"
        },
        {
            "Price": 16.03,
            "ProductID": "2_1"
        },
        {
            "Price": 12.21,
            "ProductID": "2_2"
        },
        {
            "Price": 18.6,
            "ProductID": "2_3"
        },
        {
            "Price": 14.49,
            "ProductID": "3_1"
        },
        {
            "Price": 16.5,
            "ProductID": "3_2"
        },
        {
            "Price": 17.58,
            "ProductID": "3_3"
        },
        {
            "Price": 16.65,
            "ProductID": "4_1"
        },
        {
            "Price": 15.93,
            "ProductID": "4_2"
        },
        {
            "Price": 22.5,
            "ProductID": "4_3"
        },
        {
            "Price": 14.82,
            "ProductID": "5_1"
        },
        {
            "Price": 14.97,
            "ProductID": "5_2"
        },
        {
            "Price": 14.03,
            "ProductID": "5_3"
        },
        {
            "Price": 12.72,
            "ProductID": "6_1"
        },
        {
            "Price": 19.94,
            "ProductID": "6_2"
        },
        {
            "Price": 11.22,
            "ProductID": "6_3"
        },
        {
            "Price": 21.14,
            "ProductID": "7_1"
        },
        {
            "Price": 15.26,
            "ProductID": "7_2"
        },
        {
            "Price": 9.68,
            "ProductID": "7_3"
        },
        {
            "Price": 8.73,
            "ProductID": "8_1"
        },
        {
            "Price": 21.93,
            "ProductID": "8_2"
        },
        {
            "Price": 20.68,
            "ProductID": "8_3"
        },
        {
            "Price": 10.67,
            "ProductID": "9_1"
        },
        {
            "Price": 9.87,
            "ProductID": "9_2"
        },
        {
            "Price": 12.23,
            "ProductID": "9_3"
        },
        {
            "Price": 19.07,
            "ProductID": "10_1"
        },
        {
            "Price": 14.9,
            "ProductID": "10_2"
        },
        {
            "Price": 14.04,
            "ProductID": "10_3"
        },
        {
            "Price": 9.51,
            "ProductID": "11_1"
        },
        {
            "Price": 21.85,
            "ProductID": "11_2"
        },
        {
            "Price": 20.32,
            "ProductID": "11_3"
        },
        {
            "Price": 20.7,
            "ProductID": "12_1"
        },
        {
            "Price": 18.01,
            "ProductID": "12_2"
        },
        {
            "Price": 11.29,
            "ProductID": "12_3"
        },
        {
            "Price": 15.99,
            "ProductID": "13_1"
        },
        {
            "Price": 17.09,
            "ProductID": "13_2"
        },
        {
            "Price": 11.95,
            "ProductID": "13_3"
        },
        {
            "Price": 17.69,
            "ProductID": "14_1"
        },
        {
            "Price": 11.56,
            "ProductID": "14_2"
        },
        {
            "Price": 20.22,
            "ProductID": "14_3"
        },
        {
            "Price": 11.77,
            "ProductID": "15_1"
        },
        {
            "Price": 10.73,
            "ProductID": "15_2"
        },
        {
            "Price": 12.86,
            "ProductID": "15_3"
        },
        {
            "Price": 22.24,
            "ProductID": "16_1"
        },
        {
            "Price": 8.39,
            "ProductID": "16_2"
        },
        {
            "Price": 10.15,
            "ProductID": "16_3"
        },
        {
            "Price": 15.59,
            "ProductID": "17_1"
        },
        {
            "Price": 17.7,
            "ProductID": "17_2"
        },
        {
            "Price": 16.71,
            "ProductID": "17_3"
        },
        {
            "Price": 16.27,
            "ProductID": "18_1"
        },
        {
            "Price": 19.59,
            "ProductID": "18_2"
        },
        {
            "Price": 9.53,
            "ProductID": "18_3"
        },
        {
            "Price": 7.15,
            "ProductID": "19_1"
        },
        {
            "Price": 9.6,
            "ProductID": "19_2"
        },
        {
            "Price": 19.31,
            "ProductID": "19_3"
        },
        {
            "Price": 11.03,
            "ProductID": "20_1"
        },
        {
            "Price": 19.5,
            "ProductID": "20_2"
        },
        {
            "Price": 15.46,
            "ProductID": "20_3"
        }
    ],
    "StoreID": 2
}