{
    "PriceDate": "2018-03-27 00:00:00",
    "PriceUpdates": [
        {
            "Price": 14.01,
            "ProductID": "1_1"
        },
        {
            "Price": 21.64,
            "ProductID": "1_2"
        },
        {
            "Price": 19.23,
            "ProductID": "1_3"
        },
        {
            "Price": 14.35,
            "ProductID": "2_1"
        },
        {
            "Price": 13.28,
            "ProductID": "2_2"
        },
        {
            "Price": 16.92,
            "ProductID": "2_3"
        },
        {
            "Price": 18.19,
            "ProductID": "3_1"
        },
        {
            "Price": 20.2,
            "ProductID": "3_2"
        },
        {
            "Price": 13.16,
            "ProductID": "3_3"
        },
        {
            "Price": 14.35,
            "ProductID": "4_1"
        },
        {
            "Price": 7.76,
            "ProductID": "4_2"
        },
        {
            "Price": 21.82,
            "ProductID": "4_3"
        },
        {
            "Price": 12.59,
            "ProductID": "5_1"
        },
        {
            "Price": 10.79,
            "ProductID": "5_2"
        },
        {
            "Price": 5.9,
            "ProductID": "5_3"
        },
        {
            "Price": 12.61,
            "ProductID": "6_1"
        },
        {
            "Price": 26.16,
            "ProductID": "6_2"
        },
        {
            "Price": 15.15,
            "ProductID": "6_3"
        },
        {
            "Price": 14.37,
            "ProductID": "7_1"
        },
        {
            "Price": 13.04,
            "ProductID": "7_2"
        },
        {
            "Price": 9.41,
            "ProductID": "7_3"
        },
        {
            "Price": 11.37,
            "ProductID": "8_1"
        },
        {
            "Price": 24.09,
            "ProductID": "8_2"
        },
        {
            "Price": 7.68,
            "ProductID": "8_3"
        },
        {
            "Price": 12.84,
            "ProductID": "9_1"
        },
        {
            "Price": 11.14,
            "ProductID": "9_2"
        },
        {
            "Price": 16.5,
            "ProductID": "9_3"
        },
        {
            "Price": 18.37,
            "ProductID": "10_1"
        },
        {
            "Price": 11.06,
            "ProductID": "10_2"
        },
        {
            "Price": 12.14,
            "ProductID": "10_3"
        },
        {
            "Price": 10.88,
            "ProductID": "11_1"
        },
        {
            "Price": 14.38,
            "ProductID": "11_2"
        },
        {
            "Price": 18.75,
            "ProductID": "11_3"
        },
        {
            "Price": 16.11,
            "ProductID": "12_1"
        },
        {
            "Price": 16.24,
            "ProductID": "12_2"
        },
        {
            "Price": 6.27,
            "ProductID": "12_3"
        },
        {
            "Price": 19.06,
            "ProductID": "13_1"
        },
        {
            "Price": 20.33,
            "ProductID": "13_2"
        },
        {
            "Price": 15.16,
            "ProductID": "13_3"
        },
        {
            "Price": 16.11,
            "ProductID": "14_1"
        },
        {
            "Price": 13.64,
            "ProductID": "14_2"
        },
        {
            "Price": 13.15,
            "ProductID": "14_3"
        },
        {
            "Price": 13.17,
            "ProductID": "15_1"
        },
        {
            "Price": 14.23,
            "ProductID": "15_2"
        },
        {
            "Price": 17.97,
            "ProductID": "15_3"
        },
        {
            "Price": 16.92,
            "ProductID": "16_1"
        },
        {
            "Price": 12.94,
            "ProductID": "16_2"
        },
        {
            "Price": 12.3,
            "ProductID": "16_3"
        },
        {
            "Price": 12.1,
            "ProductID": "17_1"
        },
        {
            "Price": 15.64,
            "ProductID": "17_2"
        },
        {
            "Price": 16.74,
            "ProductID": "17_3"
        },
        {
            "Price": 14.32,
            "ProductID": "18_1"
        },
        {
            "Price": 13.5,
            "ProductID": "18_2"
        },
        {
            "Price": 13.46,
            "ProductID": "18_3"
        },
        {
            "Price": 6.89,
            "ProductID": "19_1"
        },
        {
            "Price": 16.11,
            "ProductID": "19_2"
        },
        {
            "Price": 18.39,
            "ProductID": "19_3"
        },
        {
            "Price": 13.35,
            "ProductID": "20_1"
        },
        {
            "Price": 18.91,
            "ProductID": "20_2"
        },
        {
            "Price": 25.68,
            "ProductID": "20_3"
        }
    ],
    "StoreID": 1
}