{
    "PriceDate": "2018-05-01 00:00:00",
    "PriceUpdates": [
        {
            "Price": 16.46,
            "ProductID": "1_1"
        },
        {
            "Price": 18.08,
            "ProductID": "1_2"
        },
        {
            "Price": 18.08,
            "ProductID": "1_3"
        },
        {
            "Price": 11.33,
            "ProductID": "2_1"
        },
        {
            "Price": 18.4,
            "ProductID": "2_2"
        },
        {
            "Price": 13.02,
            "ProductID": "2_3"
        },
        {
            "Price": 12.41,
            "ProductID": "3_1"
        },
        {
            "Price": 20.15,
            "ProductID": "3_2"
        },
        {
            "Price": 14.84,
            "ProductID": "3_3"
        },
        {
            "Price": 20.64,
            "ProductID": "4_1"
        },
        {
            "Price": 11.34,
            "ProductID": "4_2"
        },
        {
            "Price": 20.62,
            "ProductID": "4_3"
        },
        {
            "Price": 12.44,
            "ProductID": "5_1"
        },
        {
            "Price": 15.87,
            "ProductID": "5_2"
        },
        {
            "Price": 5.5,
            "ProductID": "5_3"
        },
        {
            "Price": 11.06,
            "ProductID": "6_1"
        },
        {
            "Price": 23.99,
            "ProductID": "6_2"
        },
        {
            "Price": 12.56,
            "ProductID": "6_3"
        },
        {
            "Price": 22.38,
            "ProductID": "7_1"
        },
        {
            "Price": 14.7,
            "ProductID": "7_2"
        },
        {
            "Price": 15.72,
            "ProductID": "7_3"
        },
        {
            "Price": 11.37,
            "ProductID": "8_1"
        },
        {
            "Price": 23.64,
            "ProductID": "8_2"
        },
        {
            "Price": 8.26,
            "ProductID": "8_3"
        },
        {
            "Price": 11.14,
            "ProductID": "9_1"
        },
        {
            "Price": 13.78,
            "ProductID": "9_2"
        },
        {
            "Price": 21.84,
            "ProductID": "9_3"
        },
        {
            "Price": 15.63,
            "ProductID": "10_1"
        },
        {
            "Price": 15.08,
            "ProductID": "10_2"
        },
        {
            "Price": 22.97,
            "ProductID": "10_3"
        },
        {
            "Price": 11.12,
            "ProductID": "11_1"
        },
        {
            "Price": 22.44,
            "ProductID": "11_2"
        },
        {
            "Price": 12.19,
            "ProductID": "11_3"
        },
        {
            "Price": 19.63,
            "ProductID": "12_1"
        },
        {
            "Price": 17.53,
            "ProductID": "12_2"
        },
        {
            "Price": 9.56,
            "ProductID": "12_3"
        },
        {
            "Price": 16.68,
            "ProductID": "13_1"
        },
        {
            "Price": 10.27,
            "ProductID": "13_2"
        },
        {
            "Price": 17.3,
            "ProductID": "13_3"
        },
        {
            "Price": 12.86,
            "ProductID": "14_1"
        },
        {
            "Price": 19.22,
            "ProductID": "14_2"
        },
        {
            "Price": 13.33,
            "ProductID": "14_3"
        },
        {
            "Price": 17.83,
            "ProductID": "15_1"
        },
        {
            "Price": 12.72,
            "ProductID": "15_2"
        },
        {
            "Price": 14.39,
            "ProductID": "15_3"
        },
        {
            "Price": 14.11,
            "ProductID": "16_1"
        },
        {
            "Price": 19.67,
            "ProductID": "16_2"
        },
        {
            "Price": 12.61,
            "ProductID": "16_3"
        },
        {
            "Price": 11.15,
            "ProductID": "17_1"
        },
        {
            "Price": 15.39,
            "ProductID": "17_2"
        },
        {
            "Price": 19.73,
            "ProductID": "17_3"
        },
        {
            "Price": 15.1,
            "ProductID": "18_1"
        },
        {
            "Price": 17.61,
            "ProductID": "18_2"
        },
        {
            "Price": 11.6,
            "ProductID": "18_3"
        },
        {
            "Price": 6.8,
            "ProductID": "19_1"
        },
        {
            "Price": 14.46,
            "ProductID": "19_2"
        },
        {
            "Price": 23.8,
            "ProductID": "19_3"
        },
        {
            "Price": 10.91,
            "ProductID": "20_1"
        },
        {
            "Price": 20.35,
            "ProductID": "20_2"
        },
        {
            "Price": 19.75,
            "ProductID": "20_3"
        }
    ],
    "StoreID": 3
}