{
    "PriceDate": "2018-06-05 00:00:00",
    "PriceUpdates": [
        {
            "Price": 13.54,
            "ProductID": "1_1"
        },
        {
            "Price": 20.74,
            "ProductID": "1_2"
        },
        {
            "Price": 18.82,
            "ProductID": "1_3"
        },
        {
            "Price": 10.05,
            "ProductID": "2_1"
        },
        {
            "Price": 15.05,
            "ProductID": "2_2"
        },
        {
            "Price": 13.56,
            "ProductID": "2_3"
        },
        {
            "Price": 13.34,
            "ProductID": "3_1"
        },
        {
            "Price": 10.01,
            "ProductID": "3_2"
        },
        {
            "Price": 17.13,
            "ProductID": "3_3"
        },
        {
            "Price": 15.93,
            "ProductID": "4_1"
        },
        {
            "Price": 15.11,
            "ProductID": "4_2"
        },
        {
            "Price": 17.07,
            "ProductID": "4_3"
        },
        {
            "Price": 20.74,
            "ProductID": "5_1"
        },
        {
            "Price": 14.7,
            "ProductID": "5_2"
        },
        {
            "Price": 11.8,
            "ProductID": "5_3"
        },
        {
            "Price": 11.11,
            "ProductID": "6_1"
        },
        {
            "Price": 11.67,
            "ProductID": "6_2"
        },
        {
            "Price": 12.56,
            "ProductID": "6_3"
        },
        {
            "Price": 16.66,
            "ProductID": "7_1"
        },
        {
            "Price": 9.73,
            "ProductID": "7_2"
        },
        {
            "Price": 13.62,
            "ProductID": "7_3"
        },
        {
            "Price": 14.08,
            "ProductID": "8_1"
        },
        {
            "Price": 19.98,
            "ProductID": "8_2"
        },
        {
            "Price": 17.17,
            "ProductID": "8_3"
        },
        {
            "Price": 12.53,
            "ProductID": "9_1"
        },
        {
            "Price": 7.48,
            "ProductID": "9_2"
        },
        {
            "Price": 13.45,
            "ProductID": "9_3"
        },
        {
            "Price": 15.9,
            "ProductID": "10_1"
        },
        {
            "Price": 13.29,
            "ProductID": "10_2"
        },
        {
            "Price": 17.35,
            "ProductID": "10_3"
        },
        {
            "Price": 10.96,
            "ProductID": "11_1"
        },
        {
            "Price": 22.49,
            "ProductID": "11_2"
        },
        {
            "Price": 21.34,
            "ProductID": "11_3"
        },
        {
            "Price": 14.15,
            "ProductID": "12_1"
        },
        {
            "Price": 16.7,
            "ProductID": "12_2"
        },
        {
            "Price": 6.63,
            "ProductID": "12_3"
        },
        {
            "Price": 10.64,
            "ProductID": "13_1"
        },
        {
            "Price": 20.92,
            "ProductID": "13_2"
        },
        {
            "Price": 13.86,
            "ProductID": "13_3"
        },
        {
            "Price": 12.15,
            "ProductID": "14_1"
        },
        {
            "Price": 14.42,
            "ProductID": "14_2"
        },
        {
            "Price": 11.16,
            "ProductID": "14_3"
        },
        {
            "Price": 17.84,
            "ProductID": "15_1"
        },
        {
            "Price": 10.75,
            "ProductID": "15_2"
        },
        {
            "Price": 21.19,
            "ProductID": "15_3"
        },
        {
            "Price": 16.31,
            "ProductID": "16_1"
        },
        {
            "Price": 9.17,
            "ProductID": "16_2"
        },
        {
            "Price": 7.67,
            "ProductID": "16_3"
        },
        {
            "Price": 12.2,
            "ProductID": "17_1"
        },
        {
            "Price": 18.0,
            "ProductID": "17_2"
        },
        {
            "Price": 21.14,
            "ProductID": "17_3"
        },
        {
            "Price": 16.26,
            "ProductID": "18_1"
        },
        {
            "Price": 18.45,
            "ProductID": "18_2"
        },
        {
            "Price": 10.02,
            "ProductID": "18_3"
        },
        {
            "Price": 6.98,
            "ProductID": "19_1"
        },
        {
            "Price": 18.35,
            "ProductID": "19_2"
        },
        {
            "Price": 23.25,
            "ProductID": "19_3"
        },
        {
            "Price": 9.19,
            "ProductID": "20_1"
        },
        {
            "Price": 15.48,
            "ProductID": "20_2"
        },
        {
            "Price": 17.89,
            "ProductID": "20_3"
        }
    ],
    "StoreID": 1
}