{
    "PriceDate": "2018-06-12 00:00:00",
    "PriceUpdates": [
        {
            "Price": 15.47,
            "ProductID": "1_1"
        },
        {
            "Price": 18.78,
            "ProductID": "1_2"
        },
        {
            "Price": 18.62,
            "ProductID": "1_3"
        },
        {
            "Price": 15.79,
            "ProductID": "2_1"
        },
        {
            "Price": 16.4,
            "ProductID": "2_2"
        },
        {
            "Price": 19.52,
            "ProductID": "2_3"
        },
        {
            "Price": 9.32,
            "ProductID": "3_1"
        },
        {
            "Price": 15.31,
            "ProductID": "3_2"
        },
        {
            "Price": 15.31,
            "ProductID": "3_3"
        },
        {
            "Price": 20.65,
            "ProductID": "4_1"
        },
        {
            "Price": 15.77,
            "ProductID": "4_2"
        },
        {
            "Price": 14.91,
            "ProductID": "4_3"
        },
        {
            "Price": 12.73,
            "ProductID": "5_1"
        },
        {
            "Price": 12.59,
            "ProductID": "5_2"
        },
        {
            "Price": 5.89,
            "ProductID": "5_3"
        },
        {
            "Price": 11.64,
            "ProductID": "6_1"
        },
        {
            "Price": 26.19,
            "ProductID": "6_2"
        },
        {
            "Price": 13.34,
            "ProductID": "6_3"
        },
        {
            "Price": 17.2,
            "ProductID": "7_1"
        },
        {
            "Price": 16.05,
            "ProductID": "7_2"
        },
        {
            "Price": 10.38,
            "ProductID": "7_3"
        },
        {
            "Price": 7.25,
            "ProductID": "8_1"
        },
        {
            "Price": 19.44,
            "ProductID": "8_2"
        },
        {
            "Price": 13.52,
            "ProductID": "8_3"
        },
        {
            "Price": 11.35,
            "ProductID": "9_1"
        },
        {
            "Price": 12.27,
            "ProductID": "9_2"
        },
        {
            "Price": 21.19,
            "ProductID": "9_3"
        },
        {
            "Price": 19.41,
            "ProductID": "10_1"
        },
        {
            "Price": 11.69,
            "ProductID": "10_2"
        },
        {
            "Price": 17.68,
            "ProductID": "10_3"
        },
        {
            "Price": 17.05,
            "ProductID": "11_1"
        },
        {
            "Price": 16.22,
            "ProductID": "11_2"
        },
        {
            "Price": 17.99,
            "ProductID": "11_3"
        },
        {
            "Price": 15.53,
            "ProductID": "12_1"
        },
        {
            "Price": 18.68,
            "ProductID": "12_2"
        },
        {
            "Price": 9.14,
            "ProductID": "12_3"
        },
        {
            "Price": 14.73,
            "ProductID": "13_1"
        },
        {
            "Price": 10.0,
            "ProductID": "13_2"
        },
        {
            "Price": 6.78,
            "ProductID": "13_3"
        },
        {
            "Price": 15.34,
            "ProductID": "14_1"
        },
        {
            "Price": 17.27,
            "ProductID": "14_2"
        },
        {
            "Price": 18.1,
            "ProductID": "14_3"
        },
        {
            "Price": 15.02,
            "ProductID": "15_1"
        },
        {
            "Price": 11.58,
            "ProductID": "15_2"
        },
        {
            "Price": 14.4,
            "ProductID": "15_3"
        },
        {
            "Price": 23.66,
            "ProductID": "16_1"
        },
        {
            "Price": 18.46,
            "ProductID": "16_2"
        },
        {
            "Price": 12.52,
            "ProductID": "16_3"
        },
        {
            "Price": 12.3,
            "ProductID": "17_1"
        },
        {
            "Price": 16.91,
            "ProductID": "17_2"
        },
        {
            "Price": 12.07,
            "ProductID": "17_3"
        },
        {
            "Price": 15.85,
            "ProductID": "18_1"
        },
        {
            "Price": 17.05,
            "ProductID": "18_2"
        },
        {
            "Price": 13.92,
            "ProductID": "18_3"
        },
        {
            "Price": 6.91,
            "ProductID": "19_1"
        },
        {
            "Price": 9.25,
            "ProductID": "19_2"
        },
        {
            "Price": 19.29,
            "ProductID": "19_3"
        },
        {
            "Price": 13.07,
            "ProductID": "20_1"
        },
        {
            "Price": 11.31,
            "ProductID": "20_2"
        },
        {
            "Price": 25.0,
            "ProductID": "20_3"
        }
    ],
    "StoreID": 3
}