{
    "PriceDate": "2018-03-06 00:00:00",
    "PriceUpdates": [
        {
            "Price": 16.96,
            "ProductID": "1_1"
        },
        {
            "Price": 9.62,
            "ProductID": "1_2"
        },
        {
            "Price": 17.65,
            "ProductID": "1_3"
        },
        {
            "Price": 10.48,
            "ProductID": "2_1"
        },
        {
            "Price": 18.56,
            "ProductID": "2_2"
        },
        {
            "Price": 23.35,
            "ProductID": "2_3"
        },
        {
            "Price": 16.19,
            "ProductID": "3_1"
        },
        {
            "Price": 17.74,
            "ProductID": "3_2"
        },
        {
            "Price": 15.7,
            "ProductID": "3_3"
        },
        {
            "Price": 13.37,
            "ProductID": "4_1"
        },
        {
            "Price": 10.18,
            "ProductID": "4_2"
        },
        {
            "Price": 22.3,
            "ProductID": "4_3"
        },
        {
            "Price": 14.0,
            "ProductID": "5_1"
        },
        {
            "Price": 13.48,
            "ProductID": "5_2"
        },
        {
            "Price": 5.99,
            "ProductID": "5_3"
        },
        {
            "Price": 12.54,
            "ProductID": "6_1"
        },
        {
            "Price": 12.27,
            "ProductID": "6_2"
        },
        {
            "Price": 16.48,
            "ProductID": "6_3"
        },
        {
            "Price": 19.64,
            "ProductID": "7_1"
        },
        {
            "Price": 10.57,
            "ProductID": "7_2"
        },
        {
            "Price": 16.37,
            "ProductID": "7_3"
        },
        {
            "Price": 7.56,
            "ProductID": "8_1"
        },
        {
            "Price": 20.37,
            "ProductID": "8_2"
        },
        {
            "Price": 9.74,
            "ProductID": "8_3"
        },
        {
            "Price": 12.84,
            "ProductID": "9_1"
        },
        {
            "Price": 7.53,
            "ProductID": "9_2"
        },
        {
            "Price": 16.69,
            "ProductID": "9_3"
        },
        {
            "Price": 15.17,
            "ProductID": "10_1"
        },
        {
            "Price": 15.7,
            "ProductID": "10_2"
        },
        {
            "Price": 7.39,
            "ProductID": "10_3"
        },
        {
            "Price": 20.63,
            "ProductID": "11_1"
        },
        {
            "Price": 20.97,
            "ProductID": "11_2"
        },
        {
            "Price": 18.34,
            "ProductID": "11_3"
        },
        {
            "Price": 15.18,
            "ProductID": "12_1"
        },
        {
            "Price": 15.03,
            "ProductID": "12_2"
        },
        {
            "Price": 12.31,
            "ProductID": "12_3"
        },
        {
            "Price": 17.19,
            "ProductID": "13_1"
        },
        {
            "Price": 10.54,
            "ProductID": "13_2"
        },
        {
            "Price": 16.09,
            "ProductID": "13_3"
        },
        {
            "Price": 18.14,
            "ProductID": "14_1"
        },
        {
            "Price": 14.65,
            "ProductID": "14_2"
        },
        {
            "Price": 16.05,
            "ProductID": "14_3"
        },
        {
            "Price": 12.75,
            "ProductID": "15_1"
        },
        {
            "Price": 9.37,
            "ProductID": "15_2"
        },
        {
            "Price": 13.13,
            "ProductID": "15_3"
        },
        {
            "Price": 19.36,
            "ProductID": "16_1"
        },
        {
            "Price": 18.87,
            "ProductID": "16_2"
        },
        {
            "Price": 14.62,
            "ProductID": "16_3"
        },
        {
            "Price": 15.37,
            "ProductID": "17_1"
        },
        {
            "Price": 13.37,
            "ProductID": "17_2"
        },
        {
            "Price": 14.0,
            "ProductID": "17_3"
        },
        {
            "Price": 16.05,
            "ProductID": "18_1"
        },
        {
            "Price": 13.25,
            "ProductID": "18_2"
        },
        {
            "Price": 11.38,
            "ProductID": "18_3"
        },
        {
            "Price": 6.76,
            "ProductID": "19_1"
        },
        {
            "Price": 17.74,
            "ProductID": "19_2"
        },
        {
            "Price": 17.2,
            "ProductID": "19_3"
        },
        {
            "Price": 10.71,
            "ProductID": "20_1"
        },
        {
            "Price": 12.5,
            "ProductID": "20_2"
        },
        {
            "Price": 12.22,
            "ProductID": "20_3"
        }
    ],
    "StoreID": 1
}