{
    "PriceDate": "2018-05-22 00:00:00",
    "PriceUpdates": [
        {
            "Price": 15.9,
            "ProductID": "1_1"
        },
        {
            "Price": 11.93,
            "ProductID": "1_2"
        },
        {
            "Price": 18.84,
            "ProductID": "1_3"
        },
        {
            "Price": 13.86,
            "ProductID": "2_1"
        },
        {
            "Price": 15.45,
            "ProductID": "2_2"
        },
        {
            "Price": 16.93,
            "ProductID": "2_3"
        },
        {
            "Price": 13.87,
            "ProductID": "3_1"
        },
        {
            "Price": 13.92,
            "ProductID": "3_2"
        },
        {
            "Price": 16.56,
            "ProductID": "3_3"
        },
        {
            "Price": 14.83,
            "ProductID": "4_1"
        },
        {
            "Price": 11.01,
            "ProductID": "4_2"
        },
        {
            "Price": 16.03,
            "ProductID": "4_3"
        },
        {
            "Price": 13.97,
            "ProductID": "5_1"
        },
        {
            "Price": 12.98,
            "ProductID": "5_2"
        },
        {
            "Price": 11.29,
            "ProductID": "5_3"
        },
        {
            "Price": 11.96,
            "ProductID": "6_1"
        },
        {
            "Price": 15.73,
            "ProductID": "6_2"
        },
        {
            "Price": 13.48,
            "ProductID": "6_3"
        },
        {
            "Price": 17.06,
            "ProductID": "7_1"
        },
        {
            "Price": 8.9,
            "ProductID": "7_2"
        },
        {
            "Price": 11.68,
            "ProductID": "7_3"
        },
        {
            "Price": 13.87,
            "ProductID": "8_1"
        },
        {
            "Price": 20.0,
            "ProductID": "8_2"
        },
        {
            "Price": 11.04,
            "ProductID": "8_3"
        },
        {
            "Price": 12.69,
            "ProductID": "9_1"
        },
        {
            "Price": 13.96,
            "ProductID": "9_2"
        },
        {
            "Price": 16.85,
            "ProductID": "9_3"
        },
        {
            "Price": 19.84,
            "ProductID": "10_1"
        },
        {
            "Price": 12.98,
            "ProductID": "10_2"
        },
        {
            "Price": 13.17,
            "ProductID": "10_3"
        },
        {
            "Price": 7.9,
            "ProductID": "11_1"
        },
        {
            "Price": 22.05,
            "ProductID": "11_2"
        },
        {
            "Price": 18.05,
            "ProductID": "11_3"
        },
        {
            "Price": 18.94,
            "ProductID": "12_1"
        },
        {
            "Price": 18.09,
            "ProductID": "12_2"
        },
        {
            "Price": 4.73,
            "ProductID": "12_3"
        },
        {
            "Price": 9.54,
            "ProductID": "13_1"
        },
        {
            "Price": 13.55,
            "ProductID": "13_2"
        },
        {
            "Price": 17.19,
            "ProductID": "13_3"
        },
        {
            "Price": 13.24,
            "ProductID": "14_1"
        },
        {
            "Price": 14.35,
            "ProductID": "14_2"
        },
        {
            "Price": 26.15,
            "ProductID": "14_3"
        },
        {
            "Price": 15.93,
            "ProductID": "15_1"
        },
        {
            "Price": 12.42,
            "ProductID": "15_2"
        },
        {
            "Price": 16.33,
            "ProductID": "15_3"
        },
        {
            "Price": 17.68,
            "ProductID": "16_1"
        },
        {
            "Price": 22.16,
            "ProductID": "16_2"
        },
        {
            "Price": 15.91,
            "ProductID": "16_3"
        },
        {
            "Price": 11.15,
            "ProductID": "17_1"
        },
        {
            "Price": 13.6,
            "ProductID": "17_2"
        },
        {
            "Price": 10.44,
            "ProductID": "17_3"
        },
        {
            "Price": 13.26,
            "ProductID": "18_1"
        },
        {
            "Price": 11.73,
            "ProductID": "18_2"
        },
        {
            "Price": 13.21,
            "ProductID": "18_3"
        },
        {
            "Price": 6.43,
            "ProductID": "19_1"
        },
        {
            "Price": 18.81,
            "ProductID": "19_2"
        },
        {
            "Price": 20.53,
            "ProductID": "19_3"
        },
        {
            "Price": 10.45,
            "ProductID": "20_1"
        },
        {
            "Price": 14.28,
            "ProductID": "20_2"
        },
        {
            "Price": 26.04,
            "ProductID": "20_3"
        }
    ],
    "StoreID": 6
}