{
    "PriceDate": "2018-04-10 00:00:00",
    "PriceUpdates": [
        {
            "Price": 14.57,
            "ProductID": "1_1"
        },
        {
            "Price": 11.56,
            "ProductID": "1_2"
        },
        {
            "Price": 17.63,
            "ProductID": "1_3"
        },
        {
            "Price": 12.69,
            "ProductID": "2_1"
        },
        {
            "Price": 12.21,
            "ProductID": "2_2"
        },
        {
            "Price": 24.17,
            "ProductID": "2_3"
        },
        {
            "Price": 12.38,
            "ProductID": "3_1"
        },
        {
            "Price": 18.62,
            "ProductID": "3_2"
        },
        {
            "Price": 11.71,
            "ProductID": "3_3"
        },
        {
            "Price": 15.68,
            "ProductID": "4_1"
        },
        {
            "Price": 14.02,
            "ProductID": "4_2"
        },
        {
            "Price": 16.11,
            "ProductID": "4_3"
        },
        {
            "Price": 16.2,
            "ProductID": "5_1"
        },
        {
            "Price": 11.35,
            "ProductID": "5_2"
        },
        {
            "Price": 8.88,
            "ProductID": "5_3"
        },
        {
            "Price": 12.03,
            "ProductID": "6_1"
        },
        {
            "Price": 23.67,
            "ProductID": "6_2"
        },
        {
            "Price": 15.67,
            "ProductID": "6_3"
        },
        {
            "Price": 18.98,
            "ProductID": "7_1"
        },
        {
            "Price": 9.97,
            "ProductID": "7_2"
        },
        {
            "Price": 10.58,
            "ProductID": "7_3"
        },
        {
            "Price": 13.7,
            "ProductID": "8_1"
        },
        {
            "Price": 21.98,
            "ProductID": "8_2"
        },
        {
            "Price": 10.84,
            "ProductID": "8_3"
        },
        {
            "Price": 7.8,
            "ProductID": "9_1"
        },
        {
            "Price": 11.95,
            "ProductID": "9_2"
        },
        {
            "Price": 17.97,
            "ProductID": "9_3"
        },
        {
            "Price": 18.73,
            "ProductID": "10_1"
        },
        {
            "Price": 10.03,
            "ProductID": "10_2"
        },
        {
            "Price": 7.75,
            "ProductID": "10_3"
        },
        {
            "Price": 18.29,
            "ProductID": "11_1"
        },
        {
            "Price": 15.05,
            "ProductID": "11_2"
        },
        {
            "Price": 12.79,
            "ProductID": "11_3"
        },
        {
            "Price": 15.6,
            "ProductID": "12_1"
        },
        {
            "Price": 19.09,
            "ProductID": "12_2"
        },
        {
            "Price": 4.21,
            "ProductID": "12_3"
        },
        {
            "Price": 19.46,
            "ProductID": "13_1"
        },
        {
            "Price": 16.25,
            "ProductID": "13_2"
        },
        {
            "Price": 17.14,
            "ProductID": "13_3"
        },
        {
            "Price": 13.15,
            "ProductID": "14_1"
        },
        {
            "Price": 17.74,
            "ProductID": "14_2"
        },
        {
            "Price": 24.67,
            "ProductID": "14_3"
        },
        {
            "Price": 17.72,
            "ProductID": "15_1"
        },
        {
            "Price": 15.01,
            "ProductID": "15_2"
        },
        {
            "Price": 17.0,
            "ProductID": "15_3"
        },
        {
            "Price": 18.5,
            "ProductID": "16_1"
        },
        {
            "Price": 20.22,
            "ProductID": "16_2"
        },
        {
            "Price": 10.18,
            "ProductID": "16_3"
        },
        {
            "Price": 9.43,
            "ProductID": "17_1"
        },
        {
            "Price": 15.21,
            "ProductID": "17_2"
        },
        {
            "Price": 19.41,
            "ProductID": "17_3"
        },
        {
            "Price": 14.53,
            "ProductID": "18_1"
        },
        {
            "Price": 11.74,
            "ProductID": "18_2"
        },
        {
            "Price": 10.19,
            "ProductID": "18_3"
        },
        {
            "Price": 7.12,
            "ProductID": "19_1"
        },
        {
            "Price": 12.42,
            "ProductID": "19_2"
        },
        {
            "Price": 24.24,
            "ProductID": "19_3"
        },
        {
            "Price": 15.42,
            "ProductID": "20_1"
        },
        {
            "Price": 15.61,
            "ProductID": "20_2"
        },
        {
            "Price": 15.55,
            "ProductID": "20_3"
        }
    ],
    "StoreID": 3
}