{
    "PriceDate": "2018-02-13 00:00:00",
    "PriceUpdates": [
        {
            "Price": 13.85,
            "ProductID": "1_1"
        },
        {
            "Price": 12.21,
            "ProductID": "1_2"
        },
        {
            "Price": 18.45,
            "ProductID": "1_3"
        },
        {
            "Price": 10.36,
            "ProductID": "2_1"
        },
        {
            "Price": 15.99,
            "ProductID": "2_2"
        },
        {
            "Price": 13.61,
            "ProductID": "2_3"
        },
        {
            "Price": 14.04,
            "ProductID": "3_1"
        },
        {
            "Price": 10.46,
            "ProductID": "3_2"
        },
        {
            "Price": 14.15,
            "ProductID": "3_3"
        },
        {
            "Price": 15.96,
            "ProductID": "4_1"
        },
        {
            "Price": 11.37,
            "ProductID": "4_2"
        },
        {
            "Price": 15.65,
            "ProductID": "4_3"
        },
        {
            "Price": 10.83,
            "ProductID": "5_1"
        },
        {
            "Price": 9.67,
            "ProductID": "5_2"
        },
        {
            "Price": 9.68,
            "ProductID": "5_3"
        },
        {
            "Price": 11.12,
            "ProductID": "6_1"
        },
        {
            "Price": 13.18,
            "ProductID": "6_2"
        },
        {
            "Price": 16.4,
            "ProductID": "6_3"
        },
        {
            "Price": 16.25,
            "ProductID": "7_1"
        },
        {
            "Price": 18.24,
            "ProductID": "7_2"
        },
        {
            "Price": 16.64,
            "ProductID": "7_3"
        },
        {
            "Price": 13.7,
            "ProductID": "8_1"
        },
        {
            "Price": 24.16,
            "ProductID": "8_2"
        },
        {
            "Price": 20.54,
            "ProductID": "8_3"
        },
        {
            "Price": 12.96,
            "ProductID": "9_1"
        },
        {
            "Price": 13.03,
            "ProductID": "9_2"
        },
        {
            "Price": 21.54,
            "ProductID": "9_3"
        },
        {
            "Price": 17.2,
            "ProductID": "10_1"
        },
        {
            "Price": 9.2,
            "ProductID": "10_2"
        },
        {
            "Price": 21.99,
            "ProductID": "10_3"
        },
        {
            "Price": 17.53,
            "ProductID": "11_1"
        },
        {
            "Price": 19.09,
            "ProductID": "11_2"
        },
        {
            "Price": 12.11,
            "ProductID": "11_3"
        },
        {
            "Price": 20.4,
            "ProductID": "12_1"
        },
        {
            "Price": 15.34,
            "ProductID": "12_2"
        },
        {
            "Price": 3.04,
            "ProductID": "12_3"
        },
        {
            "Price": 15.88,
            "ProductID": "13_1"
        },
        {
            "Price": 22.21,
            "ProductID": "13_2"
        },
        {
            "Price": 17.62,
            "ProductID": "13_3"
        },
        {
            "Price": 13.82,
            "ProductID": "14_1"
        },
        {
            "Price": 19.05,
            "ProductID": "14_2"
        },
        {
            "Price": 23.68,
            "ProductID": "14_3"
        },
        {
            "Price": 12.07,
            "ProductID": "15_1"
        },
        {
            "Price": 16.37,
            "ProductID": "15_2"
        },
        {
            "Price": 19.28,
            "ProductID": "15_3"
        },
        {
            "Price": 22.0,
            "ProductID": "16_1"
        },
        {
            "Price": 17.95,
            "ProductID": "16_2"
        },
        {
            "Price": 14.63,
            "ProductID": "16_3"
        },
        {
            "Price": 11.52,
            "ProductID": "17_1"
        },
        {
            "Price": 14.29,
            "ProductID": "17_2"
        },
        {
            "Price": 15.06,
            "ProductID": "17_3"
        },
        {
            "Price": 11.51,
            "ProductID": "18_1"
        },
        {
            "Price": 9.83,
            "ProductID": "18_2"
        },
        {
            "Price": 13.6,
            "ProductID": "18_3"
        },
        {
            "Price": 6.73,
            "ProductID": "19_1"
        },
        {
            "Price": 15.61,
            "ProductID": "19_2"
        },
        {
            "Price": 17.19,
            "ProductID": "19_3"
        },
        {
            "Price": 14.64,
            "ProductID": "20_1"
        },
        {
            "Price": 16.73,
            "ProductID": "20_2"
        },
        {
            "Price": 15.87,
            "ProductID": "20_3"
        }
    ],
    "StoreID": 6
}