{
    "PriceDate": "2018-06-19 00:00:00",
    "PriceUpdates": [
        {
            "Price": 12.74,
            "ProductID": "1_1"
        },
        {
            "Price": 13.3,
            "ProductID": "1_2"
        },
        {
            "Price": 18.3,
            "ProductID": "1_3"
        },
        {
            "Price": 11.02,
            "ProductID": "2_1"
        },
        {
            "Price": 17.25,
            "ProductID": "2_2"
        },
        {
            "Price": 21.39,
            "ProductID": "2_3"
        },
        {
            "Price": 10.68,
            "ProductID": "3_1"
        },
        {
            "Price": 19.92,
            "ProductID": "3_2"
        },
        {
            "Price": 13.63,
            "ProductID": "3_3"
        },
        {
            "Price": 12.74,
            "ProductID": "4_1"
        },
        {
            "Price": 8.07,
            "ProductID": "4_2"
        },
        {
            "Price": 21.46,
            "ProductID": "4_3"
        },
        {
            "Price": 20.14,
            "ProductID": "5_1"
        },
        {
            "Price": 11.77,
            "ProductID": "5_2"
        },
        {
            "Price": 11.76,
            "ProductID": "5_3"
        },
        {
            "Price": 13.05,
            "ProductID": "6_1"
        },
        {
            "Price": 16.76,
            "ProductID": "6_2"
        },
        {
            "Price": 15.55,
            "ProductID": "6_3"
        },
        {
            "Price": 20.5,
            "ProductID": "7_1"
        },
        {
            "Price": 9.48,
            "ProductID": "7_2"
        },
        {
            "Price": 13.28,
            "ProductID": "7_3"
        },
        {
            "Price": 15.22,
            "ProductID": "8_1"
        },
        {
            "Price": 18.92,
            "ProductID": "8_2"
        },
        {
            "Price": 12.2,
            "ProductID": "8_3"
        },
        {
            "Price": 9.6,
            "ProductID": "9_1"
        },
        {
            "Price": 9.21,
            "ProductID": "9_2"
        },
        {
            "Price": 18.86,
            "ProductID": "9_3"
        },
        {
            "Price": 17.09,
            "ProductID": "10_1"
        },
        {
            "Price": 12.07,
            "ProductID": "10_2"
        },
        {
            "Price": 18.57,
            "ProductID": "10_3"
        },
        {
            "Price": 12.38,
            "ProductID": "11_1"
        },
        {
            "Price": 21.58,
            "ProductID": "11_2"
        },
        {
            "Price": 20.77,
            "ProductID": "11_3"
        },
        {
            "Price": 15.71,
            "ProductID": "12_1"
        },
        {
            "Price": 18.71,
            "ProductID": "12_2"
        },
        {
            "Price": 10.55,
            "ProductID": "12_3"
        },
        {
            "Price": 20.22,
            "ProductID": "13_1"
        },
        {
            "Price": 24.12,
            "ProductID": "13_2"
        },
        {
            "Price": 16.33,
            "ProductID": "13_3"
        },
        {
            "Price": 13.09,
            "ProductID": "14_1"
        },
        {
            "Price": 15.85,
            "ProductID": "14_2"
        },
        {
            "Price": 10.7,
            "ProductID": "14_3"
        },
        {
            "Price": 17.03,
            "ProductID": "15_1"
        },
        {
            "Price": 16.78,
            "ProductID": "15_2"
        },
        {
            "Price": 15.47,
            "ProductID": "15_3"
        },
        {
            "Price": 18.33,
            "ProductID": "16_1"
        },
        {
            "Price": 12.44,
            "ProductID": "16_2"
        },
        {
            "Price": 11.42,
            "ProductID": "16_3"
        },
        {
            "Price": 13.09,
            "ProductID": "17_1"
        },
        {
            "Price": 14.43,
            "ProductID": "17_2"
        },
        {
            "Price": 14.84,
            "ProductID": "17_3"
        },
        {
            "Price": 13.17,
            "ProductID": "18_1"
        },
        {
            "Price": 16.49,
            "ProductID": "18_2"
        },
        {
            "Price": 8.09,
            "ProductID": "18_3"
        },
        {
            "Price": 6.92,
            "ProductID": "19_1"
        },
        {
            "Price": 15.54,
            "ProductID": "19_2"
        },
        {
            "Price": 22.29,
            "ProductID": "19_3"
        },
        {
            "Price": 14.75,
            "ProductID": "20_1"
        },
        {
            "Price": 15.91,
            "ProductID": "20_2"
        },
        {
            "Price": 25.41,
            "ProductID": "20_3"
        }
    ],
    "StoreID": 2
}