{
    "PriceDate": "2018-03-20 00:00:00",
    "PriceUpdates": [
        {
            "Price": 15.79,
            "ProductID": "1_1"
        },
        {
            "Price": 13.43,
            "ProductID": "1_2"
        },
        {
            "Price": 18.74,
            "ProductID": "1_3"
        },
        {
            "Price": 15.65,
            "ProductID": "2_1"
        },
        {
            "Price": 12.49,
            "ProductID": "2_2"
        },
        {
            "Price": 14.76,
            "ProductID": "2_3"
        },
        {
            "Price": 16.86,
            "ProductID": "3_1"
        },
        {
            "Price": 20.47,
            "ProductID": "3_2"
        },
        {
            "Price": 15.22,
            "ProductID": "3_3"
        },
        {
            "Price": 20.77,
            "ProductID": "4_1"
        },
        {
            "Price": 15.35,
            "ProductID": "4_2"
        },
        {
            "Price": 19.59,
            "ProductID": "4_3"
        },
        {
            "Price": 10.43,
            "ProductID": "5_1"
        },
        {
            "Price": 10.23,
            "ProductID": "5_2"
        },
        {
            "Price": 7.11,
            "ProductID": "5_3"
        },
        {
            "Price": 13.06,
            "ProductID": "6_1"
        },
        {
            "Price": 23.91,
            "ProductID": "6_2"
        },
        {
            "Price": 14.47,
            "ProductID": "6_3"
        },
        {
            "Price": 22.01,
            "ProductID": "7_1"
        },
        {
            "Price": 19.21,
            "ProductID": "7_2"
        },
        {
            "Price": 13.71,
            "ProductID": "7_3"
        },
        {
            "Price": 12.54,
            "ProductID": "8_1"
        },
        {
            "Price": 18.74,
            "ProductID": "8_2"
        },
        {
            "Price": 12.59,
            "ProductID": "8_3"
        },
        {
            "Price": 9.71,
            "ProductID": "9_1"
        },
        {
            "Price": 7.65,
            "ProductID": "9_2"
        },
        {
            "Price": 15.96,
            "ProductID": "9_3"
        },
        {
            "Price": 16.8,
            "ProductID": "10_1"
        },
        {
            "Price": 12.14,
            "ProductID": "10_2"
        },
        {
            "Price": 20.75,
            "ProductID": "10_3"
        },
        {
            "Price": 14.34,
            "ProductID": "11_1"
        },
        {
            "Price": 16.35,
            "ProductID": "11_2"
        },
        {
            "Price": 18.54,
            "ProductID": "11_3"
        },
        {
            "Price": 13.64,
            "ProductID": "12_1"
        },
        {
            "Price": 19.08,
            "ProductID": "12_2"
        },
        {
            "Price": 12.42,
            "ProductID": "12_3"
        },
        {
            "Price": 16.26,
            "ProductID": "13_1"
        },
        {
            "Price": 22.34,
            "ProductID": "13_2"
        },
        {
            "Price": 11.77,
            "ProductID": "13_3"
        },
        {
            "Price": 12.09,
            "ProductID": "14_1"
        },
        {
            "Price": 11.26,
            "ProductID": "14_2"
        },
        {
            "Price": 14.3,
            "ProductID": "14_3"
        },
        {
            "Price": 15.11,
            "ProductID": "15_1"
        },
        {
            "Price": 15.36,
            "ProductID": "15_2"
        },
        {
            "Price": 12.85,
            "ProductID": "15_3"
        },
        {
            "Price": 23.73,
            "ProductID": "16_1"
        },
        {
            "Price": 21.46,
            "ProductID": "16_2"
        },
        {
            "Price": 6.93,
            "ProductID": "16_3"
        },
        {
            "Price": 9.93,
            "ProductID": "17_1"
        },
        {
            "Price": 18.16,
            "ProductID": "17_2"
        },
        {
            "Price": 12.97,
            "ProductID": "17_3"
        },
        {
            "Price": 11.13,
            "ProductID": "18_1"
        },
        {
            "Price": 9.73,
            "ProductID": "18_2"
        },
        {
            "Price": 10.43,
            "ProductID": "18_3"
        },
        {
            "Price": 6.62,
            "ProductID": "19_1"
        },
        {
            "Price": 12.99,
            "ProductID": "19_2"
        },
        {
            "Price": 21.15,
            "ProductID": "19_3"
        },
        {
            "Price": 11.04,
            "ProductID": "20_1"
        },
        {
            "Price": 18.64,
            "ProductID": "20_2"
        },
        {
            "Price": 19.15,
            "ProductID": "20_3"
        }
    ],
    "StoreID": 3
}