{
    "PriceDate": "2018-04-24 00:00:00",
    "PriceUpdates": [
        {
            "Price": 14.33,
            "ProductID": "1_1"
        },
        {
            "Price": 16.28,
            "ProductID": "1_2"
        },
        {
            "Price": 18.08,
            "ProductID": "1_3"
        },
        {
            "Price": 9.82,
            "ProductID": "2_1"
        },
        {
            "Price": 14.15,
            "ProductID": "2_2"
        },
        {
            "Price": 17.01,
            "ProductID": "2_3"
        },
        {
            "Price": 13.83,
            "ProductID": "3_1"
        },
        {
            "Price": 9.67,
            "ProductID": "3_2"
        },
        {
            "Price": 13.39,
            "ProductID": "3_3"
        },
        {
            "Price": 18.64,
            "ProductID": "4_1"
        },
        {
            "Price": 10.97,
            "ProductID": "4_2"
        },
        {
            "Price": 18.16,
            "ProductID": "4_3"
        },
        {
            "Price": 14.41,
            "ProductID": "5_1"
        },
        {
            "Price": 10.33,
            "ProductID": "5_2"
        },
        {
            "Price": 5.92,
            "ProductID": "5_3"
        },
        {
            "Price": 11.5,
            "ProductID": "6_1"
        },
        {
            "Price": 26.12,
            "ProductID": "6_2"
        },
        {
            "Price": 13.25,
            "ProductID": "6_3"
        },
        {
            "Price": 21.09,
            "ProductID": "7_1"
        },
        {
            "Price": 11.28,
            "ProductID": "7_2"
        },
        {
            "Price": 12.62,
            "ProductID": "7_3"
        },
        {
            "Price": 8.27,
            "ProductID": "8_1"
        },
        {
            "Price": 23.23,
            "ProductID": "8_2"
        },
        {
            "Price": 13.77,
            "ProductID": "8_3"
        },
        {
            "Price": 12.36,
            "ProductID": "9_1"
        },
        {
            "Price": 9.19,
            "ProductID": "9_2"
        },
        {
            "Price": 17.08,
            "ProductID": "9_3"
        },
        {
            "Price": 16.54,
            "ProductID": "10_1"
        },
        {
            "Price": 12.24,
            "ProductID": "10_2"
        },
        {
            "Price": 11.97,
            "ProductID": "10_3"
        },
        {
            "Price": 13.65,
            "ProductID": "11_1"
        },
        {
            "Price": 21.13,
            "ProductID": "11_2"
        },
        {
            "Price": 21.77,
            "ProductID": "11_3"
        },
        {
            "Price": 13.99,
            "ProductID": "12_1"
        },
        {
            "Price": 18.64,
            "ProductID": "12_2"
        },
        {
            "Price": 6.34,
            "ProductID": "12_3"
        },
        {
            "Price": 10.34,
            "ProductID": "13_1"
        },
        {
            "Price": 19.61,
            "ProductID": "13_2"
        },
        {
            "Price": 10.85,
            "ProductID": "13_3"
        },
        {
            "Price": 12.33,
            "ProductID": "14_1"
        },
        {
            "Price": 16.67,
            "ProductID": "14_2"
        },
        {
            "Price": 13.13,
            "ProductID": "14_3"
        },
        {
            "Price": 13.01,
            "ProductID": "15_1"
        },
        {
            "Price": 12.39,
            "ProductID": "15_2"
        },
        {
            "Price": 15.9,
            "ProductID": "15_3"
        },
        {
            "Price": 14.14,
            "ProductID": "16_1"
        },
        {
            "Price": 22.45,
            "ProductID": "16_2"
        },
        {
            "Price": 9.48,
            "ProductID": "16_3"
        },
        {
            "Price": 15.33,
            "ProductID": "17_1"
        },
        {
            "Price": 14.45,
            "ProductID": "17_2"
        },
        {
            "Price": 19.88,
            "ProductID": "17_3"
        },
        {
            "Price": 10.46,
            "ProductID": "18_1"
        },
        {
            "Price": 10.91,
            "ProductID": "18_2"
        },
        {
            "Price": 13.0,
            "ProductID": "18_3"
        },
        {
            "Price": 7.24,
            "ProductID": "19_1"
        },
        {
            "Price": 8.36,
            "ProductID": "19_2"
        },
        {
            "Price": 20.02,
            "ProductID": "19_3"
        },
        {
            "Price": 10.76,
            "ProductID": "20_1"
        },
        {
            "Price": 18.31,
            "ProductID": "20_2"
        },
        {
            "Price": 15.46,
            "ProductID": "20_3"
        }
    ],
    "StoreID": 2
}