{
    "PriceDate": "2018-06-12 00:00:00",
    "PriceUpdates": [
        {
            "Price": 16.2,
            "ProductID": "1_1"
        },
        {
            "Price": 21.09,
            "ProductID": "1_2"
        },
        {
            "Price": 19.62,
            "ProductID": "1_3"
        },
        {
            "Price": 18.77,
            "ProductID": "2_1"
        },
        {
            "Price": 11.12,
            "ProductID": "2_2"
        },
        {
            "Price": 15.56,
            "ProductID": "2_3"
        },
        {
            "Price": 9.41,
            "ProductID": "3_1"
        },
        {
            "Price": 9.96,
            "ProductID": "3_2"
        },
        {
            "Price": 16.6,
            "ProductID": "3_3"
        },
        {
            "Price": 19.3,
            "ProductID": "4_1"
        },
        {
            "Price": 14.11,
            "ProductID": "4_2"
        },
        {
            "Price": 19.35,
            "ProductID": "4_3"
        },
        {
            "Price": 19.27,
            "ProductID": "5_1"
        },
        {
            "Price": 10.57,
            "ProductID": "5_2"
        },
        {
            "Price": 9.99,
            "ProductID": "5_3"
        },
        {
            "Price": 12.56,
            "ProductID": "6_1"
        },
        {
            "Price": 20.28,
            "ProductID": "6_2"
        },
        {
            "Price": 14.0,
            "ProductID": "6_3"
        },
        {
            "Price": 15.56,
            "ProductID": "7_1"
        },
        {
            "Price": 12.14,
            "ProductID": "7_2"
        },
        {
            "Price": 11.44,
            "ProductID": "7_3"
        },
        {
            "Price": 16.06,
            "ProductID": "8_1"
        },
        {
            "Price": 13.84,
            "ProductID": "8_2"
        },
        {
            "Price": 7.58,
            "ProductID": "8_3"
        },
        {
            "Price": 7.71,
            "ProductID": "9_1"
        },
        {
            "Price": 9.52,
            "ProductID": "9_2"
        },
        {
            "Price": 13.61,
            "ProductID": "9_3"
        },
        {
            "Price": 16.12,
            "ProductID": "10_1"
        },
        {
            "Price": 11.03,
            "ProductID": "10_2"
        },
        {
            "Price": 16.61,
            "ProductID": "10_3"
        },
        {
            "Price": 8.68,
            "ProductID": "11_1"
        },
        {
            "Price": 22.76,
            "ProductID": "11_2"
        },
        {
            "Price": 22.76,
            "ProductID": "11_3"
        },
        {
            "Price": 13.79,
            "ProductID": "12_1"
        },
        {
            "Price": 15.93,
            "ProductID": "12_2"
        },
        {
            "Price": 9.34,
            "ProductID": "12_3"
        },
        {
            "Price": 12.96,
            "ProductID": "13_1"
        },
        {
            "Price": 17.34,
            "ProductID": "13_2"
        },
        {
            "Price": 11.03,
            "ProductID": "13_3"
        },
        {
            "Price": 14.42,
            "ProductID": "14_1"
        },
        {
            "Price": 19.87,
            "ProductID": "14_2"
        },
        {
            "Price": 25.83,
            "ProductID": "14_3"
        },
        {
            "Price": 13.97,
            "ProductID": "15_1"
        },
        {
            "Price": 11.87,
            "ProductID": "15_2"
        },
        {
            "Price": 13.34,
            "ProductID": "15_3"
        },
        {
            "Price": 21.51,
            "ProductID": "16_1"
        },
        {
            "Price": 20.4,
            "ProductID": "16_2"
        },
        {
            "Price": 12.92,
            "ProductID": "16_3"
        },
        {
            "Price": 14.06,
            "ProductID": "17_1"
        },
        {
            "Price": 18.99,
            "ProductID": "17_2"
        },
        {
            "Price": 11.9,
            "ProductID": "17_3"
        },
        {
            "Price": 11.11,
            "ProductID": "18_1"
        },
        {
            "Price": 19.55,
            "ProductID": "18_2"
        },
        {
            "Price": 8.48,
            "ProductID": "18_3"
        },
        {
            "Price": 7.13,
            "ProductID": "19_1"
        },
        {
            "Price": 9.93,
            "ProductID": "19_2"
        },
        {
            "Price": 17.73,
            "ProductID": "19_3"
        },
        {
            "Price": 12.79,
            "ProductID": "20_1"
        },
        {
            "Price": 17.37,
            "ProductID": "20_2"
        },
        {
            "Price": 12.67,
            "ProductID": "20_3"
        }
    ],
    "StoreID": 6
}