{
    "PriceDate": "2018-04-10 00:00:00",
    "PriceUpdates": [
        {
            "Price": 12.71,
            "ProductID": "1_1"
        },
        {
            "Price": 9.34,
            "ProductID": "1_2"
        },
        {
            "Price": 19.32,
            "ProductID": "1_3"
        },
        {
            "Price": 16.05,
            "ProductID": "2_1"
        },
        {
            "Price": 16.57,
            "ProductID": "2_2"
        },
        {
            "Price": 13.72,
            "ProductID": "2_3"
        },
        {
            "Price": 14.92,
            "ProductID": "3_1"
        },
        {
            "Price": 19.74,
            "ProductID": "3_2"
        },
        {
            "Price": 14.33,
            "ProductID": "3_3"
        },
        {
            "Price": 18.08,
            "ProductID": "4_1"
        },
        {
            "Price": 12.82,
            "ProductID": "4_2"
        },
        {
            "Price": 19.07,
            "ProductID": "4_3"
        },
        {
            "Price": 15.39,
            "ProductID": "5_1"
        },
        {
            "Price": 9.6,
            "ProductID": "5_2"
        },
        {
            "Price": 7.41,
            "ProductID": "5_3"
        },
        {
            "Price": 12.13,
            "ProductID": "6_1"
        },
        {
            "Price": 11.78,
            "ProductID": "6_2"
        },
        {
            "Price": 17.01,
            "ProductID": "6_3"
        },
        {
            "Price": 14.54,
            "ProductID": "7_1"
        },
        {
            "Price": 16.57,
            "ProductID": "7_2"
        },
        {
            "Price": 12.25,
            "ProductID": "7_3"
        },
        {
            "Price": 12.34,
            "ProductID": "8_1"
        },
        {
            "Price": 21.68,
            "ProductID": "8_2"
        },
        {
            "Price": 15.07,
            "ProductID": "8_3"
        },
        {
            "Price": 11.85,
            "ProductID": "9_1"
        },
        {
            "Price": 7.11,
            "ProductID": "9_2"
        },
        {
            "Price": 11.78,
            "ProductID": "9_3"
        },
        {
            "Price": 17.15,
            "ProductID": "10_1"
        },
        {
            "Price": 9.64,
            "ProductID": "10_2"
        },
        {
            "Price": 17.03,
            "ProductID": "10_3"
        },
        {
            "Price": 16.82,
            "ProductID": "11_1"
        },
        {
            "Price": 17.27,
            "ProductID": "11_2"
        },
        {
            "Price": 14.87,
            "ProductID": "11_3"
        },
        {
            "Price": 15.15,
            "ProductID": "12_1"
        },
        {
            "Price": 18.5,
            "ProductID": "12_2"
        },
        {
            "Price": 12.74,
            "ProductID": "12_3"
        },
        {
            "Price": 13.85,
            "ProductID": "13_1"
        },
        {
            "Price": 11.35,
            "ProductID": "13_2"
        },
        {
            "Price": 10.67,
            "ProductID": "13_3"
        },
        {
            "Price": 14.31,
            "ProductID": "14_1"
        },
        {
            "Price": 11.41,
            "ProductID": "14_2"
        },
        {
            "Price": 19.86,
            "ProductID": "14_3"
        },
        {
            "Price": 13.02,
            "ProductID": "15_1"
        },
        {
            "Price": 13.22,
            "ProductID": "15_2"
        },
        {
            "Price": 21.96,
            "ProductID": "15_3"
        },
        {
            "Price": 20.13,
            "ProductID": "16_1"
        },
        {
            "Price": 12.5,
            "ProductID": "16_2"
        },
        {
            "Price": 6.54,
            "ProductID": "16_3"
        },
        {
            "Price": 13.06,
            "ProductID": "17_1"
        },
        {
            "Price": 17.51,
            "ProductID": "17_2"
        },
        {
            "Price": 18.77,
            "ProductID": "17_3"
        },
        {
            "Price": 16.34,
            "ProductID": "18_1"
        },
        {
            "Price": 18.55,
            "ProductID": "18_2"
        },
        {
            "Price": 12.42,
            "ProductID": "18_3"
        },
        {
            "Price": 6.22,
            "ProductID": "19_1"
        },
        {
            "Price": 14.52,
            "ProductID": "19_2"
        },
        {
            "Price": 19.61,
            "ProductID": "19_3"
        },
        {
            "Price": 10.14,
            "ProductID": "20_1"
        },
        {
            "Price": 14.42,
            "ProductID": "20_2"
        },
        {
            "Price": 14.11,
            "ProductID": "20_3"
        }
    ],
    "StoreID": 2
}