{
    "PriceDate": "2018-02-06 00:00:00",
    "PriceUpdates": [
        {
            "Price": 13.14,
            "ProductID": "1_1"
        },
        {
            "Price": 11.78,
            "ProductID": "1_2"
        },
        {
            "Price": 18.49,
            "ProductID": "1_3"
        },
        {
            "Price": 12.97,
            "ProductID": "2_1"
        },
        {
            "Price": 17.05,
            "ProductID": "2_2"
        },
        {
            "Price": 14.89,
            "ProductID": "2_3"
        },
        {
            "Price": 9.62,
            "ProductID": "3_1"
        },
        {
            "Price": 10.98,
            "ProductID": "3_2"
        },
        {
            "Price": 15.36,
            "ProductID": "3_3"
        },
        {
            "Price": 19.07,
            "ProductID": "4_1"
        },
        {
            "Price": 12.04,
            "ProductID": "4_2"
        },
        {
            "Price": 16.42,
            "ProductID": "4_3"
        },
        {
            "Price": 11.06,
            "ProductID": "5_1"
        },
        {
            "Price": 15.82,
            "ProductID": "5_2"
        },
        {
            "Price": 12.72,
            "ProductID": "5_3"
        },
        {
            "Price": 11.13,
            "ProductID": "6_1"
        },
        {
            "Price": 22.66,
            "ProductID": "6_2"
        },
        {
            "Price": 11.51,
            "ProductID": "6_3"
        },
        {
            "Price": 15.77,
            "ProductID": "7_1"
        },
        {
            "Price": 15.3,
            "ProductID": "7_2"
        },
        {
            "Price": 16.37,
            "ProductID": "7_3"
        },
        {
            "Price": 14.44,
            "ProductID": "8_1"
        },
        {
            "Price": 16.18,
            "ProductID": "8_2"
        },
        {
            "Price": 17.94,
            "ProductID": "8_3"
        },
        {
            "Price": 6.38,
            "ProductID": "9_1"
        },
        {
            "Price": 13.87,
            "ProductID": "9_2"
        },
        {
            "Price": 15.89,
            "ProductID": "9_3"
        },
        {
            "Price": 19.13,
            "ProductID": "10_1"
        },
        {
            "Price": 11.36,
            "ProductID": "10_2"
        },
        {
            "Price": 17.91,
            "ProductID": "10_3"
        },
        {
            "Price": 9.73,
            "ProductID": "11_1"
        },
        {
            "Price": 19.11,
            "ProductID": "11_2"
        },
        {
            "Price": 22.02,
            "ProductID": "11_3"
        },
        {
            "Price": 17.9,
            "ProductID": "12_1"
        },
        {
            "Price": 17.53,
            "ProductID": "12_2"
        },
        {
            "Price": 7.57,
            "ProductID": "12_3"
        },
        {
            "Price": 12.28,
            "ProductID": "13_1"
        },
        {
            "Price": 12.48,
            "ProductID": "13_2"
        },
        {
            "Price": 7.52,
            "ProductID": "13_3"
        },
        {
            "Price": 13.54,
            "ProductID": "14_1"
        },
        {
            "Price": 14.84,
            "ProductID": "14_2"
        },
        {
            "Price": 14.46,
            "ProductID": "14_3"
        },
        {
            "Price": 15.36,
            "ProductID": "15_1"
        },
        {
            "Price": 16.1,
            "ProductID": "15_2"
        },
        {
            "Price": 17.5,
            "ProductID": "15_3"
        },
        {
            "Price": 20.33,
            "ProductID": "16_1"
        },
        {
            "Price": 16.96,
            "ProductID": "16_2"
        },
        {
            "Price": 13.25,
            "ProductID": "16_3"
        },
        {
            "Price": 14.9,
            "ProductID": "17_1"
        },
        {
            "Price": 15.07,
            "ProductID": "17_2"
        },
        {
            "Price": 11.09,
            "ProductID": "17_3"
        },
        {
            "Price": 13.66,
            "ProductID": "18_1"
        },
        {
            "Price": 10.02,
            "ProductID": "18_2"
        },
        {
            "Price": 11.78,
            "ProductID": "18_3"
        },
        {
            "Price": 7.05,
            "ProductID": "19_1"
        },
        {
            "Price": 15.88,
            "ProductID": "19_2"
        },
        {
            "Price": 22.3,
            "ProductID": "19_3"
        },
        {
            "Price": 14.12,
            "ProductID": "20_1"
        },
        {
            "Price": 9.89,
            "ProductID": "20_2"
        },
        {
            "Price": 16.54,
            "ProductID": "20_3"
        }
    ],
    "StoreID": 1
}