{
    "PriceDate": "2018-05-08 00:00:00",
    "PriceUpdates": [
        {
            "Price": 14.02,
            "ProductID": "1_1"
        },
        {
            "Price": 10.8,
            "ProductID": "1_2"
        },
        {
            "Price": 19.12,
            "ProductID": "1_3"
        },
        {
            "Price": 10.49,
            "ProductID": "2_1"
        },
        {
            "Price": 11.31,
            "ProductID": "2_2"
        },
        {
            "Price": 14.43,
            "ProductID": "2_3"
        },
        {
            "Price": 11.88,
            "ProductID": "3_1"
        },
        {
            "Price": 12.1,
            "ProductID": "3_2"
        },
        {
            "Price": 11.63,
            "ProductID": "3_3"
        },
        {
            "Price": 19.18,
            "ProductID": "4_1"
        },
        {
            "Price": 11.7,
            "ProductID": "4_2"
        },
        {
            "Price": 20.89,
            "ProductID": "4_3"
        },
        {
            "Price": 19.57,
            "ProductID": "5_1"
        },
        {
            "Price": 14.42,
            "ProductID": "5_2"
        },
        {
            "Price": 6.9,
            "ProductID": "5_3"
        },
        {
            "Price": 11.72,
            "ProductID": "6_1"
        },
        {
            "Price": 12.29,
            "ProductID": "6_2"
        },
        {
            "Price": 11.65,
            "ProductID": "6_3"
        },
        {
            "Price": 20.54,
            "ProductID": "7_1"
        },
        {
            "Price": 9.84,
            "ProductID": "7_2"
        },
        {
            "Price": 10.94,
            "ProductID": "7_3"
        },
        {
            "Price": 8.37,
            "ProductID": "8_1"
        },
        {
            "Price": 19.63,
            "ProductID": "8_2"
        },
        {
            "Price": 11.61,
            "ProductID": "8_3"
        },
        {
            "Price": 11.57,
            "ProductID": "9_1"
        },
        {
            "Price": 12.29,
            "ProductID": "9_2"
        },
        {
            "Price": 18.0,
            "ProductID": "9_3"
        },
        {
            "Price": 17.61,
            "ProductID": "10_1"
        },
        {
            "Price": 15.56,
            "ProductID": "10_2"
        },
        {
            "Price": 10.48,
            "ProductID": "10_3"
        },
        {
            "Price": 14.93,
            "ProductID": "11_1"
        },
        {
            "Price": 19.98,
            "ProductID": "11_2"
        },
        {
            "Price": 19.23,
            "ProductID": "11_3"
        },
        {
            "Price": 15.98,
            "ProductID": "12_1"
        },
        {
            "Price": 14.26,
            "ProductID": "12_2"
        },
        {
            "Price": 7.01,
            "ProductID": "12_3"
        },
        {
            "Price": 12.1,
            "ProductID": "13_1"
        },
        {
            "Price": 13.92,
            "ProductID": "13_2"
        },
        {
            "Price": 17.67,
            "ProductID": "13_3"
        },
        {
            "Price": 14.21,
            "ProductID": "14_1"
        },
        {
            "Price": 19.67,
            "ProductID": "14_2"
        },
        {
            "Price": 18.67,
            "ProductID": "14_3"
        },
        {
            "Price": 16.35,
            "ProductID": "15_1"
        },
        {
            "Price": 13.45,
            "ProductID": "15_2"
        },
        {
            "Price": 17.3,
            "ProductID": "15_3"
        },
        {
            "Price": 15.6,
            "ProductID": "16_1"
        },
        {
            "Price": 17.1,
            "ProductID": "16_2"
        },
        {
            "Price": 8.89,
            "ProductID": "16_3"
        },
        {
            "Price": 13.72,
            "ProductID": "17_1"
        },
        {
            "Price": 18.23,
            "ProductID": "17_2"
        },
        {
            "Price": 21.22,
            "ProductID": "17_3"
        },
        {
            "Price": 13.18,
            "ProductID": "18_1"
        },
        {
            "Price": 16.68,
            "ProductID": "18_2"
        },
        {
            "Price": 10.02,
            "ProductID": "18_3"
        },
        {
            "Price": 7.26,
            "ProductID": "19_1"
        },
        {
            "Price": 12.7,
            "ProductID": "19_2"
        },
        {
            "Price": 24.32,
            "ProductID": "19_3"
        },
        {
            "Price": 11.96,
            "ProductID": "20_1"
        },
        {
            "Price": 18.25,
            "ProductID": "20_2"
        },
        {
            "Price": 21.51,
            "ProductID": "20_3"
        }
    ],
    "StoreID": 6
}