{
    "PriceDate": "2018-06-19 00:00:00",
    "PriceUpdates": [
        {
            "Price": 16.34,
            "ProductID": "1_1"
        },
        {
            "Price": 21.86,
            "ProductID": "1_2"
        },
        {
            "Price": 19.08,
            "ProductID": "1_3"
        },
        {
            "Price": 11.22,
            "ProductID": "2_1"
        },
        {
            "Price": 19.25,
            "ProductID": "2_2"
        },
        {
            "Price": 20.65,
            "ProductID": "2_3"
        },
        {
            "Price": 14.56,
            "ProductID": "3_1"
        },
        {
            "Price": 20.54,
            "ProductID": "3_2"
        },
        {
            "Price": 13.36,
            "ProductID": "3_3"
        },
        {
            "Price": 15.97,
            "ProductID": "4_1"
        },
        {
            "Price": 12.01,
            "ProductID": "4_2"
        },
        {
            "Price": 22.38,
            "ProductID": "4_3"
        },
        {
            "Price": 20.04,
            "ProductID": "5_1"
        },
        {
            "Price": 14.18,
            "ProductID": "5_2"
        },
        {
            "Price": 6.34,
            "ProductID": "5_3"
        },
        {
            "Price": 12.75,
            "ProductID": "6_1"
        },
        {
            "Price": 26.01,
            "ProductID": "6_2"
        },
        {
            "Price": 14.04,
            "ProductID": "6_3"
        },
        {
            "Price": 14.85,
            "ProductID": "7_1"
        },
        {
            "Price": 13.11,
            "ProductID": "7_2"
        },
        {
            "Price": 9.5,
            "ProductID": "7_3"
        },
        {
            "Price": 13.19,
            "ProductID": "8_1"
        },
        {
            "Price": 20.66,
            "ProductID": "8_2"
        },
        {
            "Price": 16.87,
            "ProductID": "8_3"
        },
        {
            "Price": 9.41,
            "ProductID": "9_1"
        },
        {
            "Price": 9.94,
            "ProductID": "9_2"
        },
        {
            "Price": 21.79,
            "ProductID": "9_3"
        },
        {
            "Price": 15.39,
            "ProductID": "10_1"
        },
        {
            "Price": 10.41,
            "ProductID": "10_2"
        },
        {
            "Price": 8.03,
            "ProductID": "10_3"
        },
        {
            "Price": 19.86,
            "ProductID": "11_1"
        },
        {
            "Price": 22.16,
            "ProductID": "11_2"
        },
        {
            "Price": 18.69,
            "ProductID": "11_3"
        },
        {
            "Price": 13.06,
            "ProductID": "12_1"
        },
        {
            "Price": 14.64,
            "ProductID": "12_2"
        },
        {
            "Price": 6.0,
            "ProductID": "12_3"
        },
        {
            "Price": 14.25,
            "ProductID": "13_1"
        },
        {
            "Price": 17.49,
            "ProductID": "13_2"
        },
        {
            "Price": 17.24,
            "ProductID": "13_3"
        },
        {
            "Price": 18.18,
            "ProductID": "14_1"
        },
        {
            "Price": 11.86,
            "ProductID": "14_2"
        },
        {
            "Price": 10.64,
            "ProductID": "14_3"
        },
        {
            "Price": 15.54,
            "ProductID": "15_1"
        },
        {
            "Price": 10.61,
            "ProductID": "15_2"
        },
        {
            "Price": 17.71,
            "ProductID": "15_3"
        },
        {
            "Price": 22.04,
            "ProductID": "16_1"
        },
        {
            "Price": 14.61,
            "ProductID": "16_2"
        },
        {
            "Price": 13.3,
            "ProductID": "16_3"
        },
        {
            "Price": 13.42,
            "ProductID": "17_1"
        },
        {
            "Price": 18.14,
            "ProductID": "17_2"
        },
        {
            "Price": 14.59,
            "ProductID": "17_3"
        },
        {
            "Price": 13.04,
            "ProductID": "18_1"
        },
        {
            "Price": 14.23,
            "ProductID": "18_2"
        },
        {
            "Price": 10.52,
            "ProductID": "18_3"
        },
        {
            "Price": 6.69,
            "ProductID": "19_1"
        },
        {
            "Price": 13.8,
            "ProductID": "19_2"
        },
        {
            "Price": 16.41,
            "ProductID": "19_3"
        },
        {
            "Price": 12.8,
            "ProductID": "20_1"
        },
        {
            "Price": 19.61,
            "ProductID": "20_2"
        },
        {
            "Price": 25.98,
            "ProductID": "20_3"
        }
    ],
    "StoreID": 3
}