{
    "PriceDate": "2018-05-15 00:00:00",
    "PriceUpdates": [
        {
            "Price": 12.66,
            "ProductID": "1_1"
        },
        {
            "Price": 19.4,
            "ProductID": "1_2"
        },
        {
            "Price": 17.91,
            "ProductID": "1_3"
        },
        {
            "Price": 7.72,
            "ProductID": "2_1"
        },
        {
            "Price": 16.16,
            "ProductID": "2_2"
        },
        {
            "Price": 21.12,
            "ProductID": "2_3"
        },
        {
            "Price": 15.91,
            "ProductID": "3_1"
        },
        {
            "Price": 9.69,
            "ProductID": "3_2"
        },
        {
            "Price": 14.96,
            "ProductID": "3_3"
        },
        {
            "Price": 18.87,
            "ProductID": "4_1"
        },
        {
            "Price": 12.26,
            "ProductID": "4_2"
        },
        {
            "Price": 16.23,
            "ProductID": "4_3"
        },
        {
            "Price": 11.27,
            "ProductID": "5_1"
        },
        {
            "Price": 13.78,
            "ProductID": "5_2"
        },
        {
            "Price": 8.77,
            "ProductID": "5_3"
        },
        {
            "Price": 12.69,
            "ProductID": "6_1"
        },
        {
            "Price": 25.24,
            "ProductID": "6_2"
        },
        {
            "Price": 13.22,
            "ProductID": "6_3"
        },
        {
            "Price": 18.21,
            "ProductID": "7_1"
        },
        {
            "Price": 15.23,
            "ProductID": "7_2"
        },
        {
            "Price": 14.45,
            "ProductID": "7_3"
        },
        {
            "Price": 9.99,
            "ProductID": "8_1"
        },
        {
            "Price": 13.91,
            "ProductID": "8_2"
        },
        {
            "Price": 17.6,
            "ProductID": "8_3"
        },
        {
            "Price": 6.98,
            "ProductID": "9_1"
        },
        {
            "Price": 10.67,
            "ProductID": "9_2"
        },
        {
            "Price": 15.19,
            "ProductID": "9_3"
        },
        {
            "Price": 15.99,
            "ProductID": "10_1"
        },
        {
            "Price": 10.6,
            "ProductID": "10_2"
        },
        {
            "Price": 23.27,
            "ProductID": "10_3"
        },
        {
            "Price": 12.71,
            "ProductID": "11_1"
        },
        {
            "Price": 21.62,
            "ProductID": "11_2"
        },
        {
            "Price": 11.09,
            "ProductID": "11_3"
        },
        {
            "Price": 13.57,
            "ProductID": "12_1"
        },
        {
            "Price": 15.26,
            "ProductID": "12_2"
        },
        {
            "Price": 6.1,
            "ProductID": "12_3"
        },
        {
            "Price": 13.68,
            "ProductID": "13_1"
        },
        {
            "Price": 10.48,
            "ProductID": "13_2"
        },
        {
            "Price": 6.72,
            "ProductID": "13_3"
        },
        {
            "Price": 16.11,
            "ProductID": "14_1"
        },
        {
            "Price": 19.52,
            "ProductID": "14_2"
        },
        {
            "Price": 24.91,
            "ProductID": "14_3"
        },
        {
            "Price": 14.11,
            "ProductID": "15_1"
        },
        {
            "Price": 16.63,
            "ProductID": "15_2"
        },
        {
            "Price": 21.3,
            "ProductID": "15_3"
        },
        {
            "Price": 17.98,
            "ProductID": "16_1"
        },
        {
            "Price": 13.9,
            "ProductID": "16_2"
        },
        {
            "Price": 7.44,
            "ProductID": "16_3"
        },
        {
            "Price": 15.33,
            "ProductID": "17_1"
        },
        {
            "Price": 16.63,
            "ProductID": "17_2"
        },
        {
            "Price": 11.25,
            "ProductID": "17_3"
        },
        {
            "Price": 12.65,
            "ProductID": "18_1"
        },
        {
            "Price": 9.42,
            "ProductID": "18_2"
        },
        {
            "Price": 10.01,
            "ProductID": "18_3"
        },
        {
            "Price": 7.14,
            "ProductID": "19_1"
        },
        {
            "Price": 11.85,
            "ProductID": "19_2"
        },
        {
            "Price": 23.13,
            "ProductID": "19_3"
        },
        {
            "Price": 8.12,
            "ProductID": "20_1"
        },
        {
            "Price": 10.74,
            "ProductID": "20_2"
        },
        {
            "Price": 21.83,
            "ProductID": "20_3"
        }
    ],
    "StoreID": 1
}