{
    "PriceDate": "2018-05-08 00:00:00",
    "PriceUpdates": [
        {
            "Price": 13.85,
            "ProductID": "1_1"
        },
        {
            "Price": 13.26,
            "ProductID": "1_2"
        },
        {
            "Price": 18.63,
            "ProductID": "1_3"
        },
        {
            "Price": 8.81,
            "ProductID": "2_1"
        },
        {
            "Price": 19.54,
            "ProductID": "2_2"
        },
        {
            "Price": 23.24,
            "ProductID": "2_3"
        },
        {
            "Price": 11.88,
            "ProductID": "3_1"
        },
        {
            "Price": 9.68,
            "ProductID": "3_2"
        },
        {
            "Price": 16.5,
            "ProductID": "3_3"
        },
        {
            "Price": 12.38,
            "ProductID": "4_1"
        },
        {
            "Price": 15.77,
            "ProductID": "4_2"
        },
        {
            "Price": 22.48,
            "ProductID": "4_3"
        },
        {
            "Price": 23.05,
            "ProductID": "5_1"
        },
        {
            "Price": 12.87,
            "ProductID": "5_2"
        },
        {
            "Price": 10.67,
            "ProductID": "5_3"
        },
        {
            "Price": 11.08,
            "ProductID": "6_1"
        },
        {
            "Price": 22.77,
            "ProductID": "6_2"
        },
        {
            "Price": 13.05,
            "ProductID": "6_3"
        },
        {
            "Price": 22.96,
            "ProductID": "7_1"
        },
        {
            "Price": 12.19,
            "ProductID": "7_2"
        },
        {
            "Price": 14.38,
            "ProductID": "7_3"
        },
        {
            "Price": 13.68,
            "ProductID": "8_1"
        },
        {
            "Price": 19.12,
            "ProductID": "8_2"
        },
        {
            "Price": 15.95,
            "ProductID": "8_3"
        },
        {
            "Price": 11.42,
            "ProductID": "9_1"
        },
        {
            "Price": 7.45,
            "ProductID": "9_2"
        },
        {
            "Price": 20.46,
            "ProductID": "9_3"
        },
        {
            "Price": 18.56,
            "ProductID": "10_1"
        },
        {
            "Price": 13.66,
            "ProductID": "10_2"
        },
        {
            "Price": 13.56,
            "ProductID": "10_3"
        },
        {
            "Price": 11.85,
            "ProductID": "11_1"
        },
        {
            "Price": 17.17,
            "ProductID": "11_2"
        },
        {
            "Price": 21.4,
            "ProductID": "11_3"
        },
        {
            "Price": 15.39,
            "ProductID": "12_1"
        },
        {
            "Price": 16.37,
            "ProductID": "12_2"
        },
        {
            "Price": 12.7,
            "ProductID": "12_3"
        },
        {
            "Price": 19.38,
            "ProductID": "13_1"
        },
        {
            "Price": 24.19,
            "ProductID": "13_2"
        },
        {
            "Price": 9.46,
            "ProductID": "13_3"
        },
        {
            "Price": 17.94,
            "ProductID": "14_1"
        },
        {
            "Price": 19.98,
            "ProductID": "14_2"
        },
        {
            "Price": 16.16,
            "ProductID": "14_3"
        },
        {
            "Price": 13.53,
            "ProductID": "15_1"
        },
        {
            "Price": 12.25,
            "ProductID": "15_2"
        },
        {
            "Price": 20.85,
            "ProductID": "15_3"
        },
        {
            "Price": 21.61,
            "ProductID": "16_1"
        },
        {
            "Price": 15.98,
            "ProductID": "16_2"
        },
        {
            "Price": 6.3,
            "ProductID": "16_3"
        },
        {
            "Price": 12.21,
            "ProductID": "17_1"
        },
        {
            "Price": 14.72,
            "ProductID": "17_2"
        },
        {
            "Price": 20.17,
            "ProductID": "17_3"
        },
        {
            "Price": 13.43,
            "ProductID": "18_1"
        },
        {
            "Price": 19.55,
            "ProductID": "18_2"
        },
        {
            "Price": 13.33,
            "ProductID": "18_3"
        },
        {
            "Price": 6.91,
            "ProductID": "19_1"
        },
        {
            "Price": 9.67,
            "ProductID": "19_2"
        },
        {
            "Price": 18.96,
            "ProductID": "19_3"
        },
        {
            "Price": 9.72,
            "ProductID": "20_1"
        },
        {
            "Price": 13.55,
            "ProductID": "20_2"
        },
        {
            "Price": 24.77,
            "ProductID": "20_3"
        }
    ],
    "StoreID": 3
}