{
    "PriceDate": "2018-04-17 00:00:00",
    "PriceUpdates": [
        {
            "Price": 15.3,
            "ProductID": "1_1"
        },
        {
            "Price": 7.09,
            "ProductID": "1_2"
        },
        {
            "Price": 18.55,
            "ProductID": "1_3"
        },
        {
            "Price": 15.91,
            "ProductID": "2_1"
        },
        {
            "Price": 13.81,
            "ProductID": "2_2"
        },
        {
            "Price": 15.26,
            "ProductID": "2_3"
        },
        {
            "Price": 9.64,
            "ProductID": "3_1"
        },
        {
            "Price": 18.57,
            "ProductID": "3_2"
        },
        {
            "Price": 17.5,
            "ProductID": "3_3"
        },
        {
            "Price": 14.97,
            "ProductID": "4_1"
        },
        {
            "Price": 7.89,
            "ProductID": "4_2"
        },
        {
            "Price": 17.84,
            "ProductID": "4_3"
        },
        {
            "Price": 17.46,
            "ProductID": "5_1"
        },
        {
            "Price": 9.41,
            "ProductID": "5_2"
        },
        {
            "Price": 13.62,
            "ProductID": "5_3"
        },
        {
            "Price": 12.97,
            "ProductID": "6_1"
        },
        {
            "Price": 17.58,
            "ProductID": "6_2"
        },
        {
            "Price": 17.29,
            "ProductID": "6_3"
        },
        {
            "Price": 15.89,
            "ProductID": "7_1"
        },
        {
            "Price": 14.52,
            "ProductID": "7_2"
        },
        {
            "Price": 12.55,
            "ProductID": "7_3"
        },
        {
            "Price": 12.21,
            "ProductID": "8_1"
        },
        {
            "Price": 22.69,
            "ProductID": "8_2"
        },
        {
            "Price": 14.09,
            "ProductID": "8_3"
        },
        {
            "Price": 13.61,
            "ProductID": "9_1"
        },
        {
            "Price": 12.72,
            "ProductID": "9_2"
        },
        {
            "Price": 13.78,
            "ProductID": "9_3"
        },
        {
            "Price": 16.56,
            "ProductID": "10_1"
        },
        {
            "Price": 11.32,
            "ProductID": "10_2"
        },
        {
            "Price": 14.69,
            "ProductID": "10_3"
        },
        {
            "Price": 11.15,
            "ProductID": "11_1"
        },
        {
            "Price": 18.35,
            "ProductID": "11_2"
        },
        {
            "Price": 17.02,
            "ProductID": "11_3"
        },
        {
            "Price": 14.48,
            "ProductID": "12_1"
        },
        {
            "Price": 13.45,
            "ProductID": "12_2"
        },
        {
            "Price": 2.87,
            "ProductID": "12_3"
        },
        {
            "Price": 17.73,
            "ProductID": "13_1"
        },
        {
            "Price": 16.62,
            "ProductID": "13_2"
        },
        {
            "Price": 16.65,
            "ProductID": "13_3"
        },
        {
            "Price": 11.88,
            "ProductID": "14_1"
        },
        {
            "Price": 18.02,
            "ProductID": "14_2"
        },
        {
            "Price": 12.38,
            "ProductID": "14_3"
        },
        {
            "Price": 17.38,
            "ProductID": "15_1"
        },
        {
            "Price": 15.38,
            "ProductID": "15_2"
        },
        {
            "Price": 19.8,
            "ProductID": "15_3"
        },
        {
            "Price": 22.83,
            "ProductID": "16_1"
        },
        {
            "Price": 20.92,
            "ProductID": "16_2"
        },
        {
            "Price": 9.4,
            "ProductID": "16_3"
        },
        {
            "Price": 11.22,
            "ProductID": "17_1"
        },
        {
            "Price": 17.14,
            "ProductID": "17_2"
        },
        {
            "Price": 19.6,
            "ProductID": "17_3"
        },
        {
            "Price": 11.29,
            "ProductID": "18_1"
        },
        {
            "Price": 14.46,
            "ProductID": "18_2"
        },
        {
            "Price": 13.4,
            "ProductID": "18_3"
        },
        {
            "Price": 6.65,
            "ProductID": "19_1"
        },
        {
            "Price": 18.24,
            "ProductID": "19_2"
        },
        {
            "Price": 23.12,
            "ProductID": "19_3"
        },
        {
            "Price": 10.02,
            "ProductID": "20_1"
        },
        {
            "Price": 11.3,
            "ProductID": "20_2"
        },
        {
            "Price": 14.92,
            "ProductID": "20_3"
        }
    ],
    "StoreID": 1
}