{
    "PriceDate": "2018-06-05 00:00:00",
    "PriceUpdates": [
        {
            "Price": 14.63,
            "ProductID": "1_1"
        },
        {
            "Price": 20.02,
            "ProductID": "1_2"
        },
        {
            "Price": 18.46,
            "ProductID": "1_3"
        },
        {
            "Price": 17.07,
            "ProductID": "2_1"
        },
        {
            "Price": 18.51,
            "ProductID": "2_2"
        },
        {
            "Price": 15.29,
            "ProductID": "2_3"
        },
        {
            "Price": 15.07,
            "ProductID": "3_1"
        },
        {
            "Price": 15.92,
            "ProductID": "3_2"
        },
        {
            "Price": 12.11,
            "ProductID": "3_3"
        },
        {
            "Price": 14.24,
            "ProductID": "4_1"
        },
        {
            "Price": 9.85,
            "ProductID": "4_2"
        },
        {
            "Price": 14.77,
            "ProductID": "4_3"
        },
        {
            "Price": 13.6,
            "ProductID": "5_1"
        },
        {
            "Price": 12.49,
            "ProductID": "5_2"
        },
        {
            "Price": 6.92,
            "ProductID": "5_3"
        },
        {
            "Price": 12.56,
            "ProductID": "6_1"
        },
        {
            "Price": 25.44,
            "ProductID": "6_2"
        },
        {
            "Price": 18.17,
            "ProductID": "6_3"
        },
        {
            "Price": 19.23,
            "ProductID": "7_1"
        },
        {
            "Price": 11.73,
            "ProductID": "7_2"
        },
        {
            "Price": 10.51,
            "ProductID": "7_3"
        },
        {
            "Price": 8.34,
            "ProductID": "8_1"
        },
        {
            "Price": 19.93,
            "ProductID": "8_2"
        },
        {
            "Price": 19.58,
            "ProductID": "8_3"
        },
        {
            "Price": 13.57,
            "ProductID": "9_1"
        },
        {
            "Price": 10.54,
            "ProductID": "9_2"
        },
        {
            "Price": 13.48,
            "ProductID": "9_3"
        },
        {
            "Price": 15.93,
            "ProductID": "10_1"
        },
        {
            "Price": 12.52,
            "ProductID": "10_2"
        },
        {
            "Price": 19.14,
            "ProductID": "10_3"
        },
        {
            "Price": 13.43,
            "ProductID": "11_1"
        },
        {
            "Price": 20.58,
            "ProductID": "11_2"
        },
        {
            "Price": 22.04,
            "ProductID": "11_3"
        },
        {
            "Price": 17.59,
            "ProductID": "12_1"
        },
        {
            "Price": 15.89,
            "ProductID": "12_2"
        },
        {
            "Price": 10.88,
            "ProductID": "12_3"
        },
        {
            "Price": 19.65,
            "ProductID": "13_1"
        },
        {
            "Price": 16.7,
            "ProductID": "13_2"
        },
        {
            "Price": 10.2,
            "ProductID": "13_3"
        },
        {
            "Price": 18.05,
            "ProductID": "14_1"
        },
        {
            "Price": 19.09,
            "ProductID": "14_2"
        },
        {
            "Price": 10.86,
            "ProductID": "14_3"
        },
        {
            "Price": 14.06,
            "ProductID": "15_1"
        },
        {
            "Price": 14.8,
            "ProductID": "15_2"
        },
        {
            "Price": 16.46,
            "ProductID": "15_3"
        },
        {
            "Price": 21.96,
            "ProductID": "16_1"
        },
        {
            "Price": 11.04,
            "ProductID": "16_2"
        },
        {
            "Price": 12.91,
            "ProductID": "16_3"
        },
        {
            "Price": 14.75,
            "ProductID": "17_1"
        },
        {
            "Price": 13.43,
            "ProductID": "17_2"
        },
        {
            "Price": 12.46,
            "ProductID": "17_3"
        },
        {
            "Price": 13.54,
            "ProductID": "18_1"
        },
        {
            "Price": 15.12,
            "ProductID": "18_2"
        },
        {
            "Price": 13.93,
            "ProductID": "18_3"
        },
        {
            "Price": 7.16,
            "ProductID": "19_1"
        },
        {
            "Price": 13.17,
            "ProductID": "19_2"
        },
        {
            "Price": 22.69,
            "ProductID": "19_3"
        },
        {
            "Price": 11.87,
            "ProductID": "20_1"
        },
        {
            "Price": 20.06,
            "ProductID": "20_2"
        },
        {
            "Price": 20.26,
            "ProductID": "20_3"
        }
    ],
    "StoreID": 2
}