{
    "PriceDate": "2018-04-03 00:00:00",
    "PriceUpdates": [
        {
            "Price": 17.37,
            "ProductID": "1_1"
        },
        {
            "Price": 9.63,
            "ProductID": "1_2"
        },
        {
            "Price": 18.98,
            "ProductID": "1_3"
        },
        {
            "Price": 8.2,
            "ProductID": "2_1"
        },
        {
            "Price": 17.34,
            "ProductID": "2_2"
        },
        {
            "Price": 14.25,
            "ProductID": "2_3"
        },
        {
            "Price": 10.02,
            "ProductID": "3_1"
        },
        {
            "Price": 21.21,
            "ProductID": "3_2"
        },
        {
            "Price": 13.14,
            "ProductID": "3_3"
        },
        {
            "Price": 12.4,
            "ProductID": "4_1"
        },
        {
            "Price": 13.03,
            "ProductID": "4_2"
        },
        {
            "Price": 17.31,
            "ProductID": "4_3"
        },
        {
            "Price": 23.74,
            "ProductID": "5_1"
        },
        {
            "Price": 15.46,
            "ProductID": "5_2"
        },
        {
            "Price": 8.37,
            "ProductID": "5_3"
        },
        {
            "Price": 10.99,
            "ProductID": "6_1"
        },
        {
            "Price": 20.09,
            "ProductID": "6_2"
        },
        {
            "Price": 13.84,
            "ProductID": "6_3"
        },
        {
            "Price": 21.7,
            "ProductID": "7_1"
        },
        {
            "Price": 13.96,
            "ProductID": "7_2"
        },
        {
            "Price": 16.29,
            "ProductID": "7_3"
        },
        {
            "Price": 16.74,
            "ProductID": "8_1"
        },
        {
            "Price": 16.75,
            "ProductID": "8_2"
        },
        {
            "Price": 15.7,
            "ProductID": "8_3"
        },
        {
            "Price": 12.84,
            "ProductID": "9_1"
        },
        {
            "Price": 8.29,
            "ProductID": "9_2"
        },
        {
            "Price": 18.64,
            "ProductID": "9_3"
        },
        {
            "Price": 15.53,
            "ProductID": "10_1"
        },
        {
            "Price": 10.02,
            "ProductID": "10_2"
        },
        {
            "Price": 9.4,
            "ProductID": "10_3"
        },
        {
            "Price": 13.99,
            "ProductID": "11_1"
        },
        {
            "Price": 22.67,
            "ProductID": "11_2"
        },
        {
            "Price": 13.52,
            "ProductID": "11_3"
        },
        {
            "Price": 14.49,
            "ProductID": "12_1"
        },
        {
            "Price": 14.03,
            "ProductID": "12_2"
        },
        {
            "Price": 6.52,
            "ProductID": "12_3"
        },
        {
            "Price": 13.68,
            "ProductID": "13_1"
        },
        {
            "Price": 22.53,
            "ProductID": "13_2"
        },
        {
            "Price": 15.53,
            "ProductID": "13_3"
        },
        {
            "Price": 12.11,
            "ProductID": "14_1"
        },
        {
            "Price": 17.13,
            "ProductID": "14_2"
        },
        {
            "Price": 11.76,
            "ProductID": "14_3"
        },
        {
            "Price": 16.4,
            "ProductID": "15_1"
        },
        {
            "Price": 13.09,
            "ProductID": "15_2"
        },
        {
            "Price": 21.66,
            "ProductID": "15_3"
        },
        {
            "Price": 23.48,
            "ProductID": "16_1"
        },
        {
            "Price": 7.9,
            "ProductID": "16_2"
        },
        {
            "Price": 7.32,
            "ProductID": "16_3"
        },
        {
            "Price": 13.85,
            "ProductID": "17_1"
        },
        {
            "Price": 13.26,
            "ProductID": "17_2"
        },
        {
            "Price": 18.92,
            "ProductID": "17_3"
        },
        {
            "Price": 16.21,
            "ProductID": "18_1"
        },
        {
            "Price": 18.95,
            "ProductID": "18_2"
        },
        {
            "Price": 13.01,
            "ProductID": "18_3"
        },
        {
            "Price": 6.84,
            "ProductID": "19_1"
        },
        {
            "Price": 17.15,
            "ProductID": "19_2"
        },
        {
            "Price": 18.23,
            "ProductID": "19_3"
        },
        {
            "Price": 11.7,
            "ProductID": "20_1"
        },
        {
            "Price": 12.98,
            "ProductID": "20_2"
        },
        {
            "Price": 24.68,
            "ProductID": "20_3"
        }
    ],
    "StoreID": 6
}