{
    "PriceDate": "2018-06-19 00:00:00",
    "PriceUpdates": [
        {
            "Price": 17.61,
            "ProductID": "1_1"
        },
        {
            "Price": 15.89,
            "ProductID": "1_2"
        },
        {
            "Price": 19.23,
            "ProductID": "1_3"
        },
        {
            "Price": 7.84,
            "ProductID": "2_1"
        },
        {
            "Price": 13.9,
            "ProductID": "2_2"
        },
        {
            "Price": 24.47,
            "ProductID": "2_3"
        },
        {
            "Price": 13.81,
            "ProductID": "3_1"
        },
        {
            "Price": 12.53,
            "ProductID": "3_2"
        },
        {
            "Price": 13.27,
            "ProductID": "3_3"
        },
        {
            "Price": 15.88,
            "ProductID": "4_1"
        },
        {
            "Price": 11.23,
            "ProductID": "4_2"
        },
        {
            "Price": 16.24,
            "ProductID": "4_3"
        },
        {
            "Price": 21.91,
            "ProductID": "5_1"
        },
        {
            "Price": 10.1,
            "ProductID": "5_2"
        },
        {
            "Price": 13.4,
            "ProductID": "5_3"
        },
        {
            "Price": 12.79,
            "ProductID": "6_1"
        },
        {
            "Price": 20.15,
            "ProductID": "6_2"
        },
        {
            "Price": 11.98,
            "ProductID": "6_3"
        },
        {
            "Price": 14.69,
            "ProductID": "7_1"
        },
        {
            "Price": 13.54,
            "ProductID": "7_2"
        },
        {
            "Price": 15.96,
            "ProductID": "7_3"
        },
        {
            "Price": 16.83,
            "ProductID": "8_1"
        },
        {
            "Price": 14.17,
            "ProductID": "8_2"
        },
        {
            "Price": 17.06,
            "ProductID": "8_3"
        },
        {
            "Price": 8.32,
            "ProductID": "9_1"
        },
        {
            "Price": 14.32,
            "ProductID": "9_2"
        },
        {
            "Price": 12.88,
            "ProductID": "9_3"
        },
        {
            "Price": 19.89,
            "ProductID": "10_1"
        },
        {
            "Price": 13.95,
            "ProductID": "10_2"
        },
        {
            "Price": 7.1,
            "ProductID": "10_3"
        },
        {
            "Price": 10.98,
            "ProductID": "11_1"
        },
        {
            "Price": 16.16,
            "ProductID": "11_2"
        },
        {
            "Price": 17.96,
            "ProductID": "11_3"
        },
        {
            "Price": 12.73,
            "ProductID": "12_1"
        },
        {
            "Price": 13.79,
            "ProductID": "12_2"
        },
        {
            "Price": 5.0,
            "ProductID": "12_3"
        },
        {
            "Price": 14.09,
            "ProductID": "13_1"
        },
        {
            "Price": 24.53,
            "ProductID": "13_2"
        },
        {
            "Price": 13.42,
            "ProductID": "13_3"
        },
        {
            "Price": 15.14,
            "ProductID": "14_1"
        },
        {
            "Price": 16.47,
            "ProductID": "14_2"
        },
        {
            "Price": 17.59,
            "ProductID": "14_3"
        },
        {
            "Price": 15.45,
            "ProductID": "15_1"
        },
        {
            "Price": 16.02,
            "ProductID": "15_2"
        },
        {
            "Price": 22.84,
            "ProductID": "15_3"
        },
        {
            "Price": 13.41,
            "ProductID": "16_1"
        },
        {
            "Price": 12.75,
            "ProductID": "16_2"
        },
        {
            "Price": 14.57,
            "ProductID": "16_3"
        },
        {
            "Price": 14.03,
            "ProductID": "17_1"
        },
        {
            "Price": 14.17,
            "ProductID": "17_2"
        },
        {
            "Price": 14.6,
            "ProductID": "17_3"
        },
        {
            "Price": 12.28,
            "ProductID": "18_1"
        },
        {
            "Price": 12.67,
            "ProductID": "18_2"
        },
        {
            "Price": 8.53,
            "ProductID": "18_3"
        },
        {
            "Price": 7.31,
            "ProductID": "19_1"
        },
        {
            "Price": 16.01,
            "ProductID": "19_2"
        },
        {
            "Price": 21.07,
            "ProductID": "19_3"
        },
        {
            "Price": 14.23,
            "ProductID": "20_1"
        },
        {
            "Price": 20.35,
            "ProductID": "20_2"
        },
        {
            "Price": 25.53,
            "ProductID": "20_3"
        }
    ],
    "StoreID": 1
}