{
    "PriceDate": "2018-04-17 00:00:00",
    "PriceUpdates": [
        {
            "Price": 18.0,
            "ProductID": "1_1"
        },
        {
            "Price": 18.66,
            "ProductID": "1_2"
        },
        {
            "Price": 17.89,
            "ProductID": "1_3"
        },
        {
            "Price": 11.48,
            "ProductID": "2_1"
        },
        {
            "Price": 15.27,
            "ProductID": "2_2"
        },
        {
            "Price": 24.18,
            "ProductID": "2_3"
        },
        {
            "Price": 15.77,
            "ProductID": "3_1"
        },
        {
            "Price": 12.07,
            "ProductID": "3_2"
        },
        {
            "Price": 12.59,
            "ProductID": "3_3"
        },
        {
            "Price": 20.52,
            "ProductID": "4_1"
        },
        {
            "Price": 11.7,
            "ProductID": "4_2"
        },
        {
            "Price": 18.69,
            "ProductID": "4_3"
        },
        {
            "Price": 13.06,
            "ProductID": "5_1"
        },
        {
            "Price": 12.89,
            "ProductID": "5_2"
        },
        {
            "Price": 6.78,
            "ProductID": "5_3"
        },
        {
            "Price": 12.37,
            "ProductID": "6_1"
        },
        {
            "Price": 21.94,
            "ProductID": "6_2"
        },
        {
            "Price": 14.22,
            "ProductID": "6_3"
        },
        {
            "Price": 13.69,
            "ProductID": "7_1"
        },
        {
            "Price": 10.71,
            "ProductID": "7_2"
        },
        {
            "Price": 10.34,
            "ProductID": "7_3"
        },
        {
            "Price": 8.56,
            "ProductID": "8_1"
        },
        {
            "Price": 13.48,
            "ProductID": "8_2"
        },
        {
            "Price": 13.6,
            "ProductID": "8_3"
        },
        {
            "Price": 13.04,
            "ProductID": "9_1"
        },
        {
            "Price": 10.58,
            "ProductID": "9_2"
        },
        {
            "Price": 13.95,
            "ProductID": "9_3"
        },
        {
            "Price": 18.85,
            "ProductID": "10_1"
        },
        {
            "Price": 12.34,
            "ProductID": "10_2"
        },
        {
            "Price": 18.49,
            "ProductID": "10_3"
        },
        {
            "Price": 9.34,
            "ProductID": "11_1"
        },
        {
            "Price": 22.14,
            "ProductID": "11_2"
        },
        {
            "Price": 13.67,
            "ProductID": "11_3"
        },
        {
            "Price": 16.41,
            "ProductID": "12_1"
        },
        {
            "Price": 13.16,
            "ProductID": "12_2"
        },
        {
            "Price": 9.59,
            "ProductID": "12_3"
        },
        {
            "Price": 12.64,
            "ProductID": "13_1"
        },
        {
            "Price": 12.86,
            "ProductID": "13_2"
        },
        {
            "Price": 8.85,
            "ProductID": "13_3"
        },
        {
            "Price": 15.49,
            "ProductID": "14_1"
        },
        {
            "Price": 16.67,
            "ProductID": "14_2"
        },
        {
            "Price": 16.2,
            "ProductID": "14_3"
        },
        {
            "Price": 12.2,
            "ProductID": "15_1"
        },
        {
            "Price": 13.28,
            "ProductID": "15_2"
        },
        {
            "Price": 19.1,
            "ProductID": "15_3"
        },
        {
            "Price": 22.0,
            "ProductID": "16_1"
        },
        {
            "Price": 10.47,
            "ProductID": "16_2"
        },
        {
            "Price": 6.7,
            "ProductID": "16_3"
        },
        {
            "Price": 9.38,
            "ProductID": "17_1"
        },
        {
            "Price": 15.71,
            "ProductID": "17_2"
        },
        {
            "Price": 13.2,
            "ProductID": "17_3"
        },
        {
            "Price": 15.71,
            "ProductID": "18_1"
        },
        {
            "Price": 14.58,
            "ProductID": "18_2"
        },
        {
            "Price": 12.84,
            "ProductID": "18_3"
        },
        {
            "Price": 6.91,
            "ProductID": "19_1"
        },
        {
            "Price": 19.09,
            "ProductID": "19_2"
        },
        {
            "Price": 16.76,
            "ProductID": "19_3"
        },
        {
            "Price": 9.94,
            "ProductID": "20_1"
        },
        {
            "Price": 9.68,
            "ProductID": "20_2"
        },
        {
            "Price": 20.94,
            "ProductID": "20_3"
        }
    ],
    "StoreID": 2
}