{
    "PriceDate": "2018-05-22 00:00:00",
    "PriceUpdates": [
        {
            "Price": 13.72,
            "ProductID": "1_1"
        },
        {
            "Price": 10.99,
            "ProductID": "1_2"
        },
        {
            "Price": 19.13,
            "ProductID": "1_3"
        },
        {
            "Price": 11.09,
            "ProductID": "2_1"
        },
        {
            "Price": 18.89,
            "ProductID": "2_2"
        },
        {
            "Price": 13.73,
            "ProductID": "2_3"
        },
        {
            "Price": 13.39,
            "ProductID": "3_1"
        },
        {
            "Price": 16.99,
            "ProductID": "3_2"
        },
        {
            "Price": 14.53,
            "ProductID": "3_3"
        },
        {
            "Price": 20.65,
            "ProductID": "4_1"
        },
        {
            "Price": 12.73,
            "ProductID": "4_2"
        },
        {
            "Price": 16.79,
            "ProductID": "4_3"
        },
        {
            "Price": 19.69,
            "ProductID": "5_1"
        },
        {
            "Price": 13.27,
            "ProductID": "5_2"
        },
        {
            "Price": 7.6,
            "ProductID": "5_3"
        },
        {
            "Price": 12.77,
            "ProductID": "6_1"
        },
        {
            "Price": 23.58,
            "ProductID": "6_2"
        },
        {
            "Price": 16.81,
            "ProductID": "6_3"
        },
        {
            "Price": 19.27,
            "ProductID": "7_1"
        },
        {
            "Price": 17.3,
            "ProductID": "7_2"
        },
        {
            "Price": 15.3,
            "ProductID": "7_3"
        },
        {
            "Price": 9.89,
            "ProductID": "8_1"
        },
        {
            "Price": 15.89,
            "ProductID": "8_2"
        },
        {
            "Price": 17.43,
            "ProductID": "8_3"
        },
        {
            "Price": 11.34,
            "ProductID": "9_1"
        },
        {
            "Price": 12.8,
            "ProductID": "9_2"
        },
        {
            "Price": 14.58,
            "ProductID": "9_3"
        },
        {
            "Price": 17.83,
            "ProductID": "10_1"
        },
        {
            "Price": 15.81,
            "ProductID": "10_2"
        },
        {
            "Price": 17.47,
            "ProductID": "10_3"
        },
        {
            "Price": 17.89,
            "ProductID": "11_1"
        },
        {
            "Price": 15.77,
            "ProductID": "11_2"
        },
        {
            "Price": 21.12,
            "ProductID": "11_3"
        },
        {
            "Price": 17.0,
            "ProductID": "12_1"
        },
        {
            "Price": 13.77,
            "ProductID": "12_2"
        },
        {
            "Price": 12.61,
            "ProductID": "12_3"
        },
        {
            "Price": 12.93,
            "ProductID": "13_1"
        },
        {
            "Price": 23.31,
            "ProductID": "13_2"
        },
        {
            "Price": 12.26,
            "ProductID": "13_3"
        },
        {
            "Price": 16.29,
            "ProductID": "14_1"
        },
        {
            "Price": 19.06,
            "ProductID": "14_2"
        },
        {
            "Price": 10.05,
            "ProductID": "14_3"
        },
        {
            "Price": 14.64,
            "ProductID": "15_1"
        },
        {
            "Price": 14.8,
            "ProductID": "15_2"
        },
        {
            "Price": 15.67,
            "ProductID": "15_3"
        },
        {
            "Price": 21.81,
            "ProductID": "16_1"
        },
        {
            "Price": 21.92,
            "ProductID": "16_2"
        },
        {
            "Price": 6.53,
            "ProductID": "16_3"
        },
        {
            "Price": 15.09,
            "ProductID": "17_1"
        },
        {
            "Price": 12.99,
            "ProductID": "17_2"
        },
        {
            "Price": 10.41,
            "ProductID": "17_3"
        },
        {
            "Price": 15.08,
            "ProductID": "18_1"
        },
        {
            "Price": 19.24,
            "ProductID": "18_2"
        },
        {
            "Price": 13.12,
            "ProductID": "18_3"
        },
        {
            "Price": 7.05,
            "ProductID": "19_1"
        },
        {
            "Price": 18.3,
            "ProductID": "19_2"
        },
        {
            "Price": 20.64,
            "ProductID": "19_3"
        },
        {
            "Price": 13.58,
            "ProductID": "20_1"
        },
        {
            "Price": 15.52,
            "ProductID": "20_2"
        },
        {
            "Price": 20.88,
            "ProductID": "20_3"
        }
    ],
    "StoreID": 2
}