{
    "PriceDate": "2018-02-06 00:00:00",
    "PriceUpdates": [
        {
            "Price": 16.62,
            "ProductID": "1_1"
        },
        {
            "Price": 20.14,
            "ProductID": "1_2"
        },
        {
            "Price": 17.39,
            "ProductID": "1_3"
        },
        {
            "Price": 10.19,
            "ProductID": "2_1"
        },
        {
            "Price": 10.99,
            "ProductID": "2_2"
        },
        {
            "Price": 18.54,
            "ProductID": "2_3"
        },
        {
            "Price": 10.97,
            "ProductID": "3_1"
        },
        {
            "Price": 10.08,
            "ProductID": "3_2"
        },
        {
            "Price": 16.16,
            "ProductID": "3_3"
        },
        {
            "Price": 13.17,
            "ProductID": "4_1"
        },
        {
            "Price": 15.09,
            "ProductID": "4_2"
        },
        {
            "Price": 21.8,
            "ProductID": "4_3"
        },
        {
            "Price": 23.07,
            "ProductID": "5_1"
        },
        {
            "Price": 14.22,
            "ProductID": "5_2"
        },
        {
            "Price": 11.44,
            "ProductID": "5_3"
        },
        {
            "Price": 12.93,
            "ProductID": "6_1"
        },
        {
            "Price": 13.37,
            "ProductID": "6_2"
        },
        {
            "Price": 11.19,
            "ProductID": "6_3"
        },
        {
            "Price": 19.26,
            "ProductID": "7_1"
        },
        {
            "Price": 11.94,
            "ProductID": "7_2"
        },
        {
            "Price": 15.03,
            "ProductID": "7_3"
        },
        {
            "Price": 16.96,
            "ProductID": "8_1"
        },
        {
            "Price": 15.85,
            "ProductID": "8_2"
        },
        {
            "Price": 10.51,
            "ProductID": "8_3"
        },
        {
            "Price": 11.15,
            "ProductID": "9_1"
        },
        {
            "Price": 12.27,
            "ProductID": "9_2"
        },
        {
            "Price": 18.61,
            "ProductID": "9_3"
        },
        {
            "Price": 19.04,
            "ProductID": "10_1"
        },
        {
            "Price": 14.52,
            "ProductID": "10_2"
        },
        {
            "Price": 8.59,
            "ProductID": "10_3"
        },
        {
            "Price": 14.75,
            "ProductID": "11_1"
        },
        {
            "Price": 15.18,
            "ProductID": "11_2"
        },
        {
            "Price": 18.38,
            "ProductID": "11_3"
        },
        {
            "Price": 20.04,
            "ProductID": "12_1"
        },
        {
            "Price": 13.64,
            "ProductID": "12_2"
        },
        {
            "Price": 10.98,
            "ProductID": "12_3"
        },
        {
            "Price": 20.66,
            "ProductID": "13_1"
        },
        {
            "Price": 23.83,
            "ProductID": "13_2"
        },
        {
            "Price": 16.22,
            "ProductID": "13_3"
        },
        {
            "Price": 17.41,
            "ProductID": "14_1"
        },
        {
            "Price": 12.35,
            "ProductID": "14_2"
        },
        {
            "Price": 9.81,
            "ProductID": "14_3"
        },
        {
            "Price": 15.43,
            "ProductID": "15_1"
        },
        {
            "Price": 12.74,
            "ProductID": "15_2"
        },
        {
            "Price": 22.98,
            "ProductID": "15_3"
        },
        {
            "Price": 19.62,
            "ProductID": "16_1"
        },
        {
            "Price": 18.2,
            "ProductID": "16_2"
        },
        {
            "Price": 9.26,
            "ProductID": "16_3"
        },
        {
            "Price": 9.65,
            "ProductID": "17_1"
        },
        {
            "Price": 14.16,
            "ProductID": "17_2"
        },
        {
            "Price": 19.73,
            "ProductID": "17_3"
        },
        {
            "Price": 13.23,
            "ProductID": "18_1"
        },
        {
            "Price": 18.45,
            "ProductID": "18_2"
        },
        {
            "Price": 11.99,
            "ProductID": "18_3"
        },
        {
            "Price": 7.29,
            "ProductID": "19_1"
        },
        {
            "Price": 13.47,
            "ProductID": "19_2"
        },
        {
            "Price": 21.53,
            "ProductID": "19_3"
        },
        {
            "Price": 15.83,
            "ProductID": "20_1"
        },
        {
            "Price": 15.85,
            "ProductID": "20_2"
        },
        {
            "Price": 12.15,
            "ProductID": "20_3"
        }
    ],
    "StoreID": 4
}