{
    "PriceDate": "2018-03-20 00:00:00",
    "PriceUpdates": [
        {
            "Price": 13.24,
            "ProductID": "1_1"
        },
        {
            "Price": 11.45,
            "ProductID": "1_2"
        },
        {
            "Price": 18.59,
            "ProductID": "1_3"
        },
        {
            "Price": 9.84,
            "ProductID": "2_1"
        },
        {
            "Price": 19.2,
            "ProductID": "2_2"
        },
        {
            "Price": 17.1,
            "ProductID": "2_3"
        },
        {
            "Price": 16.2,
            "ProductID": "3_1"
        },
        {
            "Price": 11.29,
            "ProductID": "3_2"
        },
        {
            "Price": 13.45,
            "ProductID": "3_3"
        },
        {
            "Price": 13.26,
            "ProductID": "4_1"
        },
        {
            "Price": 11.98,
            "ProductID": "4_2"
        },
        {
            "Price": 21.5,
            "ProductID": "4_3"
        },
        {
            "Price": 17.52,
            "ProductID": "5_1"
        },
        {
            "Price": 11.78,
            "ProductID": "5_2"
        },
        {
            "Price": 5.83,
            "ProductID": "5_3"
        },
        {
            "Price": 12.63,
            "ProductID": "6_1"
        },
        {
            "Price": 24.61,
            "ProductID": "6_2"
        },
        {
            "Price": 9.96,
            "ProductID": "6_3"
        },
        {
            "Price": 16.29,
            "ProductID": "7_1"
        },
        {
            "Price": 16.09,
            "ProductID": "7_2"
        },
        {
            "Price": 13.23,
            "ProductID": "7_3"
        },
        {
            "Price": 9.25,
            "ProductID": "8_1"
        },
        {
            "Price": 19.76,
            "ProductID": "8_2"
        },
        {
            "Price": 8.37,
            "ProductID": "8_3"
        },
        {
            "Price": 8.79,
            "ProductID": "9_1"
        },
        {
            "Price": 8.97,
            "ProductID": "9_2"
        },
        {
            "Price": 19.45,
            "ProductID": "9_3"
        },
        {
            "Price": 16.57,
            "ProductID": "10_1"
        },
        {
            "Price": 14.81,
            "ProductID": "10_2"
        },
        {
            "Price": 16.38,
            "ProductID": "10_3"
        },
        {
            "Price": 8.95,
            "ProductID": "11_1"
        },
        {
            "Price": 12.98,
            "ProductID": "11_2"
        },
        {
            "Price": 13.13,
            "ProductID": "11_3"
        },
        {
            "Price": 20.23,
            "ProductID": "12_1"
        },
        {
            "Price": 15.31,
            "ProductID": "12_2"
        },
        {
            "Price": 5.67,
            "ProductID": "12_3"
        },
        {
            "Price": 8.23,
            "ProductID": "13_1"
        },
        {
            "Price": 11.92,
            "ProductID": "13_2"
        },
        {
            "Price": 12.71,
            "ProductID": "13_3"
        },
        {
            "Price": 18.02,
            "ProductID": "14_1"
        },
        {
            "Price": 19.01,
            "ProductID": "14_2"
        },
        {
            "Price": 25.86,
            "ProductID": "14_3"
        },
        {
            "Price": 11.93,
            "ProductID": "15_1"
        },
        {
            "Price": 14.15,
            "ProductID": "15_2"
        },
        {
            "Price": 22.13,
            "ProductID": "15_3"
        },
        {
            "Price": 14.39,
            "ProductID": "16_1"
        },
        {
            "Price": 21.2,
            "ProductID": "16_2"
        },
        {
            "Price": 11.99,
            "ProductID": "16_3"
        },
        {
            "Price": 10.24,
            "ProductID": "17_1"
        },
        {
            "Price": 13.16,
            "ProductID": "17_2"
        },
        {
            "Price": 13.94,
            "ProductID": "17_3"
        },
        {
            "Price": 14.53,
            "ProductID": "18_1"
        },
        {
            "Price": 9.33,
            "ProductID": "18_2"
        },
        {
            "Price": 12.99,
            "ProductID": "18_3"
        },
        {
            "Price": 6.79,
            "ProductID": "19_1"
        },
        {
            "Price": 15.33,
            "ProductID": "19_2"
        },
        {
            "Price": 17.12,
            "ProductID": "19_3"
        },
        {
            "Price": 9.5,
            "ProductID": "20_1"
        },
        {
            "Price": 20.21,
            "ProductID": "20_2"
        },
        {
            "Price": 13.05,
            "ProductID": "20_3"
        }
    ],
    "StoreID": 1
}