{
    "PriceDate": "2018-05-29 00:00:00",
    "PriceUpdates": [
        {
            "Price": 15.29,
            "ProductID": "1_1"
        },
        {
            "Price": 15.98,
            "ProductID": "1_2"
        },
        {
            "Price": 19.6,
            "ProductID": "1_3"
        },
        {
            "Price": 16.96,
            "ProductID": "2_1"
        },
        {
            "Price": 12.25,
            "ProductID": "2_2"
        },
        {
            "Price": 19.51,
            "ProductID": "2_3"
        },
        {
            "Price": 9.53,
            "ProductID": "3_1"
        },
        {
            "Price": 11.0,
            "ProductID": "3_2"
        },
        {
            "Price": 17.97,
            "ProductID": "3_3"
        },
        {
            "Price": 19.69,
            "ProductID": "4_1"
        },
        {
            "Price": 10.18,
            "ProductID": "4_2"
        },
        {
            "Price": 15.98,
            "ProductID": "4_3"
        },
        {
            "Price": 23.95,
            "ProductID": "5_1"
        },
        {
            "Price": 11.92,
            "ProductID": "5_2"
        },
        {
            "Price": 9.13,
            "ProductID": "5_3"
        },
        {
            "Price": 12.42,
            "ProductID": "6_1"
        },
        {
            "Price": 26.78,
            "ProductID": "6_2"
        },
        {
            "Price": 15.51,
            "ProductID": "6_3"
        },
        {
            "Price": 16.82,
            "ProductID": "7_1"
        },
        {
            "Price": 15.22,
            "ProductID": "7_2"
        },
        {
            "Price": 13.52,
            "ProductID": "7_3"
        },
        {
            "Price": 10.15,
            "ProductID": "8_1"
        },
        {
            "Price": 17.55,
            "ProductID": "8_2"
        },
        {
            "Price": 9.31,
            "ProductID": "8_3"
        },
        {
            "Price": 12.73,
            "ProductID": "9_1"
        },
        {
            "Price": 14.3,
            "ProductID": "9_2"
        },
        {
            "Price": 18.49,
            "ProductID": "9_3"
        },
        {
            "Price": 15.49,
            "ProductID": "10_1"
        },
        {
            "Price": 10.88,
            "ProductID": "10_2"
        },
        {
            "Price": 12.91,
            "ProductID": "10_3"
        },
        {
            "Price": 17.94,
            "ProductID": "11_1"
        },
        {
            "Price": 20.05,
            "ProductID": "11_2"
        },
        {
            "Price": 20.16,
            "ProductID": "11_3"
        },
        {
            "Price": 13.42,
            "ProductID": "12_1"
        },
        {
            "Price": 13.83,
            "ProductID": "12_2"
        },
        {
            "Price": 2.43,
            "ProductID": "12_3"
        },
        {
            "Price": 15.95,
            "ProductID": "13_1"
        },
        {
            "Price": 20.2,
            "ProductID": "13_2"
        },
        {
            "Price": 16.9,
            "ProductID": "13_3"
        },
        {
            "Price": 14.32,
            "ProductID": "14_1"
        },
        {
            "Price": 12.2,
            "ProductID": "14_2"
        },
        {
            "Price": 20.29,
            "ProductID": "14_3"
        },
        {
            "Price": 16.33,
            "ProductID": "15_1"
        },
        {
            "Price": 15.91,
            "ProductID": "15_2"
        },
        {
            "Price": 15.5,
            "ProductID": "15_3"
        },
        {
            "Price": 17.9,
            "ProductID": "16_1"
        },
        {
            "Price": 19.15,
            "ProductID": "16_2"
        },
        {
            "Price": 7.05,
            "ProductID": "16_3"
        },
        {
            "Price": 11.85,
            "ProductID": "17_1"
        },
        {
            "Price": 17.87,
            "ProductID": "17_2"
        },
        {
            "Price": 17.77,
            "ProductID": "17_3"
        },
        {
            "Price": 10.72,
            "ProductID": "18_1"
        },
        {
            "Price": 14.08,
            "ProductID": "18_2"
        },
        {
            "Price": 10.92,
            "ProductID": "18_3"
        },
        {
            "Price": 7.27,
            "ProductID": "19_1"
        },
        {
            "Price": 13.48,
            "ProductID": "19_2"
        },
        {
            "Price": 17.25,
            "ProductID": "19_3"
        },
        {
            "Price": 13.47,
            "ProductID": "20_1"
        },
        {
            "Price": 15.85,
            "ProductID": "20_2"
        },
        {
            "Price": 18.64,
            "ProductID": "20_3"
        }
    ],
    "StoreID": 2
}