{
    "PriceDate": "2018-05-01 00:00:00",
    "PriceUpdates": [
        {
            "Price": 16.8,
            "ProductID": "1_1"
        },
        {
            "Price": 11.59,
            "ProductID": "1_2"
        },
        {
            "Price": 18.25,
            "ProductID": "1_3"
        },
        {
            "Price": 12.43,
            "ProductID": "2_1"
        },
        {
            "Price": 18.41,
            "ProductID": "2_2"
        },
        {
            "Price": 16.06,
            "ProductID": "2_3"
        },
        {
            "Price": 13.62,
            "ProductID": "3_1"
        },
        {
            "Price": 11.41,
            "ProductID": "3_2"
        },
        {
            "Price": 16.55,
            "ProductID": "3_3"
        },
        {
            "Price": 13.31,
            "ProductID": "4_1"
        },
        {
            "Price": 10.8,
            "ProductID": "4_2"
        },
        {
            "Price": 22.52,
            "ProductID": "4_3"
        },
        {
            "Price": 17.68,
            "ProductID": "5_1"
        },
        {
            "Price": 11.38,
            "ProductID": "5_2"
        },
        {
            "Price": 8.04,
            "ProductID": "5_3"
        },
        {
            "Price": 11.56,
            "ProductID": "6_1"
        },
        {
            "Price": 15.6,
            "ProductID": "6_2"
        },
        {
            "Price": 15.36,
            "ProductID": "6_3"
        },
        {
            "Price": 20.05,
            "ProductID": "7_1"
        },
        {
            "Price": 17.45,
            "ProductID": "7_2"
        },
        {
            "Price": 10.89,
            "ProductID": "7_3"
        },
        {
            "Price": 11.44,
            "ProductID": "8_1"
        },
        {
            "Price": 19.7,
            "ProductID": "8_2"
        },
        {
            "Price": 15.14,
            "ProductID": "8_3"
        },
        {
            "Price": 8.94,
            "ProductID": "9_1"
        },
        {
            "Price": 10.72,
            "ProductID": "9_2"
        },
        {
            "Price": 20.51,
            "ProductID": "9_3"
        },
        {
            "Price": 15.28,
            "ProductID": "10_1"
        },
        {
            "Price": 13.72,
            "ProductID": "10_2"
        },
        {
            "Price": 16.06,
            "ProductID": "10_3"
        },
        {
            "Price": 18.03,
            "ProductID": "11_1"
        },
        {
            "Price": 14.64,
            "ProductID": "11_2"
        },
        {
            "Price": 12.8,
            "ProductID": "11_3"
        },
        {
            "Price": 19.08,
            "ProductID": "12_1"
        },
        {
            "Price": 19.11,
            "ProductID": "12_2"
        },
        {
            "Price": 8.44,
            "ProductID": "12_3"
        },
        {
            "Price": 12.6,
            "ProductID": "13_1"
        },
        {
            "Price": 15.46,
            "ProductID": "13_2"
        },
        {
            "Price": 10.06,
            "ProductID": "13_3"
        },
        {
            "Price": 15.12,
            "ProductID": "14_1"
        },
        {
            "Price": 14.89,
            "ProductID": "14_2"
        },
        {
            "Price": 14.42,
            "ProductID": "14_3"
        },
        {
            "Price": 15.28,
            "ProductID": "15_1"
        },
        {
            "Price": 9.43,
            "ProductID": "15_2"
        },
        {
            "Price": 14.87,
            "ProductID": "15_3"
        },
        {
            "Price": 13.11,
            "ProductID": "16_1"
        },
        {
            "Price": 7.83,
            "ProductID": "16_2"
        },
        {
            "Price": 8.8,
            "ProductID": "16_3"
        },
        {
            "Price": 11.45,
            "ProductID": "17_1"
        },
        {
            "Price": 18.53,
            "ProductID": "17_2"
        },
        {
            "Price": 11.18,
            "ProductID": "17_3"
        },
        {
            "Price": 14.55,
            "ProductID": "18_1"
        },
        {
            "Price": 9.6,
            "ProductID": "18_2"
        },
        {
            "Price": 10.48,
            "ProductID": "18_3"
        },
        {
            "Price": 7.2,
            "ProductID": "19_1"
        },
        {
            "Price": 13.25,
            "ProductID": "19_2"
        },
        {
            "Price": 17.07,
            "ProductID": "19_3"
        },
        {
            "Price": 10.96,
            "ProductID": "20_1"
        },
        {
            "Price": 19.77,
            "ProductID": "20_2"
        },
        {
            "Price": 17.26,
            "ProductID": "20_3"
        }
    ],
    "StoreID": 2
}