{
    "PriceDate": "2018-02-06 00:00:00",
    "PriceUpdates": [
        {
            "Price": 15.43,
            "ProductID": "1_1"
        },
        {
            "Price": 16.84,
            "ProductID": "1_2"
        },
        {
            "Price": 18.87,
            "ProductID": "1_3"
        },
        {
            "Price": 14.6,
            "ProductID": "2_1"
        },
        {
            "Price": 15.21,
            "ProductID": "2_2"
        },
        {
            "Price": 22.29,
            "ProductID": "2_3"
        },
        {
            "Price": 9.69,
            "ProductID": "3_1"
        },
        {
            "Price": 9.67,
            "ProductID": "3_2"
        },
        {
            "Price": 17.41,
            "ProductID": "3_3"
        },
        {
            "Price": 15.81,
            "ProductID": "4_1"
        },
        {
            "Price": 7.8,
            "ProductID": "4_2"
        },
        {
            "Price": 17.54,
            "ProductID": "4_3"
        },
        {
            "Price": 21.34,
            "ProductID": "5_1"
        },
        {
            "Price": 15.86,
            "ProductID": "5_2"
        },
        {
            "Price": 7.58,
            "ProductID": "5_3"
        },
        {
            "Price": 12.45,
            "ProductID": "6_1"
        },
        {
            "Price": 25.65,
            "ProductID": "6_2"
        },
        {
            "Price": 17.03,
            "ProductID": "6_3"
        },
        {
            "Price": 13.71,
            "ProductID": "7_1"
        },
        {
            "Price": 8.46,
            "ProductID": "7_2"
        },
        {
            "Price": 15.16,
            "ProductID": "7_3"
        },
        {
            "Price": 12.5,
            "ProductID": "8_1"
        },
        {
            "Price": 18.17,
            "ProductID": "8_2"
        },
        {
            "Price": 7.15,
            "ProductID": "8_3"
        },
        {
            "Price": 9.36,
            "ProductID": "9_1"
        },
        {
            "Price": 13.89,
            "ProductID": "9_2"
        },
        {
            "Price": 13.78,
            "ProductID": "9_3"
        },
        {
            "Price": 18.13,
            "ProductID": "10_1"
        },
        {
            "Price": 13.89,
            "ProductID": "10_2"
        },
        {
            "Price": 9.34,
            "ProductID": "10_3"
        },
        {
            "Price": 13.75,
            "ProductID": "11_1"
        },
        {
            "Price": 13.39,
            "ProductID": "11_2"
        },
        {
            "Price": 19.72,
            "ProductID": "11_3"
        },
        {
            "Price": 15.7,
            "ProductID": "12_1"
        },
        {
            "Price": 14.32,
            "ProductID": "12_2"
        },
        {
            "Price": 2.41,
            "ProductID": "12_3"
        },
        {
            "Price": 12.46,
            "ProductID": "13_1"
        },
        {
            "Price": 13.51,
            "ProductID": "13_2"
        },
        {
            "Price": 16.26,
            "ProductID": "13_3"
        },
        {
            "Price": 17.14,
            "ProductID": "14_1"
        },
        {
            "Price": 15.77,
            "ProductID": "14_2"
        },
        {
            "Price": 26.09,
            "ProductID": "14_3"
        },
        {
            "Price": 16.65,
            "ProductID": "15_1"
        },
        {
            "Price": 13.6,
            "ProductID": "15_2"
        },
        {
            "Price": 16.93,
            "ProductID": "15_3"
        },
        {
            "Price": 23.44,
            "ProductID": "16_1"
        },
        {
            "Price": 22.83,
            "ProductID": "16_2"
        },
        {
            "Price": 12.0,
            "ProductID": "16_3"
        },
        {
            "Price": 9.53,
            "ProductID": "17_1"
        },
        {
            "Price": 13.41,
            "ProductID": "17_2"
        },
        {
            "Price": 19.18,
            "ProductID": "17_3"
        },
        {
            "Price": 14.95,
            "ProductID": "18_1"
        },
        {
            "Price": 9.75,
            "ProductID": "18_2"
        },
        {
            "Price": 12.44,
            "ProductID": "18_3"
        },
        {
            "Price": 6.38,
            "ProductID": "19_1"
        },
        {
            "Price": 11.13,
            "ProductID": "19_2"
        },
        {
            "Price": 15.96,
            "ProductID": "19_3"
        },
        {
            "Price": 13.46,
            "ProductID": "20_1"
        },
        {
            "Price": 18.0,
            "ProductID": "20_2"
        },
        {
            "Price": 20.85,
            "ProductID": "20_3"
        }
    ],
    "StoreID": 2
}