{
    "PriceDate": "2018-03-27 00:00:00",
    "PriceUpdates": [
        {
            "Price": 17.35,
            "ProductID": "1_1"
        },
        {
            "Price": 16.29,
            "ProductID": "1_2"
        },
        {
            "Price": 17.46,
            "ProductID": "1_3"
        },
        {
            "Price": 12.43,
            "ProductID": "2_1"
        },
        {
            "Price": 17.34,
            "ProductID": "2_2"
        },
        {
            "Price": 17.06,
            "ProductID": "2_3"
        },
        {
            "Price": 17.57,
            "ProductID": "3_1"
        },
        {
            "Price": 12.8,
            "ProductID": "3_2"
        },
        {
            "Price": 15.8,
            "ProductID": "3_3"
        },
        {
            "Price": 17.7,
            "ProductID": "4_1"
        },
        {
            "Price": 14.59,
            "ProductID": "4_2"
        },
        {
            "Price": 18.85,
            "ProductID": "4_3"
        },
        {
            "Price": 20.92,
            "ProductID": "5_1"
        },
        {
            "Price": 15.27,
            "ProductID": "5_2"
        },
        {
            "Price": 8.91,
            "ProductID": "5_3"
        },
        {
            "Price": 11.7,
            "ProductID": "6_1"
        },
        {
            "Price": 13.29,
            "ProductID": "6_2"
        },
        {
            "Price": 15.58,
            "ProductID": "6_3"
        },
        {
            "Price": 22.51,
            "ProductID": "7_1"
        },
        {
            "Price": 18.76,
            "ProductID": "7_2"
        },
        {
            "Price": 16.03,
            "ProductID": "7_3"
        },
        {
            "Price": 10.98,
            "ProductID": "8_1"
        },
        {
            "Price": 16.82,
            "ProductID": "8_2"
        },
        {
            "Price": 18.61,
            "ProductID": "8_3"
        },
        {
            "Price": 11.81,
            "ProductID": "9_1"
        },
        {
            "Price": 11.27,
            "ProductID": "9_2"
        },
        {
            "Price": 21.54,
            "ProductID": "9_3"
        },
        {
            "Price": 19.43,
            "ProductID": "10_1"
        },
        {
            "Price": 10.94,
            "ProductID": "10_2"
        },
        {
            "Price": 22.81,
            "ProductID": "10_3"
        },
        {
            "Price": 10.66,
            "ProductID": "11_1"
        },
        {
            "Price": 22.76,
            "ProductID": "11_2"
        },
        {
            "Price": 16.9,
            "ProductID": "11_3"
        },
        {
            "Price": 17.88,
            "ProductID": "12_1"
        },
        {
            "Price": 18.18,
            "ProductID": "12_2"
        },
        {
            "Price": 4.49,
            "ProductID": "12_3"
        },
        {
            "Price": 19.69,
            "ProductID": "13_1"
        },
        {
            "Price": 17.12,
            "ProductID": "13_2"
        },
        {
            "Price": 7.51,
            "ProductID": "13_3"
        },
        {
            "Price": 12.23,
            "ProductID": "14_1"
        },
        {
            "Price": 16.29,
            "ProductID": "14_2"
        },
        {
            "Price": 11.3,
            "ProductID": "14_3"
        },
        {
            "Price": 14.57,
            "ProductID": "15_1"
        },
        {
            "Price": 10.59,
            "ProductID": "15_2"
        },
        {
            "Price": 13.3,
            "ProductID": "15_3"
        },
        {
            "Price": 16.16,
            "ProductID": "16_1"
        },
        {
            "Price": 22.81,
            "ProductID": "16_2"
        },
        {
            "Price": 15.36,
            "ProductID": "16_3"
        },
        {
            "Price": 14.45,
            "ProductID": "17_1"
        },
        {
            "Price": 17.79,
            "ProductID": "17_2"
        },
        {
            "Price": 18.75,
            "ProductID": "17_3"
        },
        {
            "Price": 11.33,
            "ProductID": "18_1"
        },
        {
            "Price": 10.92,
            "ProductID": "18_2"
        },
        {
            "Price": 9.33,
            "ProductID": "18_3"
        },
        {
            "Price": 6.45,
            "ProductID": "19_1"
        },
        {
            "Price": 10.84,
            "ProductID": "19_2"
        },
        {
            "Price": 21.73,
            "ProductID": "19_3"
        },
        {
            "Price": 9.28,
            "ProductID": "20_1"
        },
        {
            "Price": 18.99,
            "ProductID": "20_2"
        },
        {
            "Price": 13.56,
            "ProductID": "20_3"
        }
    ],
    "StoreID": 3
}