{
    "PriceDate": "2018-06-12 00:00:00",
    "PriceUpdates": [
        {
            "Price": 16.9,
            "ProductID": "1_1"
        },
        {
            "Price": 21.24,
            "ProductID": "1_2"
        },
        {
            "Price": 19.43,
            "ProductID": "1_3"
        },
        {
            "Price": 18.91,
            "ProductID": "2_1"
        },
        {
            "Price": 15.74,
            "ProductID": "2_2"
        },
        {
            "Price": 14.47,
            "ProductID": "2_3"
        },
        {
            "Price": 16.83,
            "ProductID": "3_1"
        },
        {
            "Price": 18.44,
            "ProductID": "3_2"
        },
        {
            "Price": 15.3,
            "ProductID": "3_3"
        },
        {
            "Price": 13.62,
            "ProductID": "4_1"
        },
        {
            "Price": 12.71,
            "ProductID": "4_2"
        },
        {
            "Price": 18.28,
            "ProductID": "4_3"
        },
        {
            "Price": 18.52,
            "ProductID": "5_1"
        },
        {
            "Price": 16.64,
            "ProductID": "5_2"
        },
        {
            "Price": 10.44,
            "ProductID": "5_3"
        },
        {
            "Price": 11.88,
            "ProductID": "6_1"
        },
        {
            "Price": 21.25,
            "ProductID": "6_2"
        },
        {
            "Price": 11.17,
            "ProductID": "6_3"
        },
        {
            "Price": 14.75,
            "ProductID": "7_1"
        },
        {
            "Price": 15.47,
            "ProductID": "7_2"
        },
        {
            "Price": 11.82,
            "ProductID": "7_3"
        },
        {
            "Price": 10.93,
            "ProductID": "8_1"
        },
        {
            "Price": 25.18,
            "ProductID": "8_2"
        },
        {
            "Price": 19.03,
            "ProductID": "8_3"
        },
        {
            "Price": 11.5,
            "ProductID": "9_1"
        },
        {
            "Price": 9.94,
            "ProductID": "9_2"
        },
        {
            "Price": 15.93,
            "ProductID": "9_3"
        },
        {
            "Price": 15.73,
            "ProductID": "10_1"
        },
        {
            "Price": 11.58,
            "ProductID": "10_2"
        },
        {
            "Price": 21.3,
            "ProductID": "10_3"
        },
        {
            "Price": 12.48,
            "ProductID": "11_1"
        },
        {
            "Price": 18.29,
            "ProductID": "11_2"
        },
        {
            "Price": 18.63,
            "ProductID": "11_3"
        },
        {
            "Price": 18.54,
            "ProductID": "12_1"
        },
        {
            "Price": 18.43,
            "ProductID": "12_2"
        },
        {
            "Price": 7.53,
            "ProductID": "12_3"
        },
        {
            "Price": 16.49,
            "ProductID": "13_1"
        },
        {
            "Price": 11.29,
            "ProductID": "13_2"
        },
        {
            "Price": 8.54,
            "ProductID": "13_3"
        },
        {
            "Price": 15.77,
            "ProductID": "14_1"
        },
        {
            "Price": 18.16,
            "ProductID": "14_2"
        },
        {
            "Price": 15.81,
            "ProductID": "14_3"
        },
        {
            "Price": 14.58,
            "ProductID": "15_1"
        },
        {
            "Price": 10.48,
            "ProductID": "15_2"
        },
        {
            "Price": 22.49,
            "ProductID": "15_3"
        },
        {
            "Price": 16.75,
            "ProductID": "16_1"
        },
        {
            "Price": 7.69,
            "ProductID": "16_2"
        },
        {
            "Price": 14.57,
            "ProductID": "16_3"
        },
        {
            "Price": 10.13,
            "ProductID": "17_1"
        },
        {
            "Price": 18.8,
            "ProductID": "17_2"
        },
        {
            "Price": 14.61,
            "ProductID": "17_3"
        },
        {
            "Price": 14.07,
            "ProductID": "18_1"
        },
        {
            "Price": 10.82,
            "ProductID": "18_2"
        },
        {
            "Price": 8.23,
            "ProductID": "18_3"
        },
        {
            "Price": 6.67,
            "ProductID": "19_1"
        },
        {
            "Price": 19.25,
            "ProductID": "19_2"
        },
        {
            "Price": 21.68,
            "ProductID": "19_3"
        },
        {
            "Price": 11.18,
            "ProductID": "20_1"
        },
        {
            "Price": 19.84,
            "ProductID": "20_2"
        },
        {
            "Price": 26.89,
            "ProductID": "20_3"
        }
    ],
    "StoreID": 2
}