{
    "PriceDate": "2018-02-20 00:00:00",
    "PriceUpdates": [
        {
            "Price": 14.98,
            "ProductID": "1_1"
        },
        {
            "Price": 14.09,
            "ProductID": "1_2"
        },
        {
            "Price": 19.01,
            "ProductID": "1_3"
        },
        {
            "Price": 18.43,
            "ProductID": "2_1"
        },
        {
            "Price": 19.47,
            "ProductID": "2_2"
        },
        {
            "Price": 13.83,
            "ProductID": "2_3"
        },
        {
            "Price": 16.33,
            "ProductID": "3_1"
        },
        {
            "Price": 9.85,
            "ProductID": "3_2"
        },
        {
            "Price": 17.15,
            "ProductID": "3_3"
        },
        {
            "Price": 20.35,
            "ProductID": "4_1"
        },
        {
            "Price": 14.64,
            "ProductID": "4_2"
        },
        {
            "Price": 20.5,
            "ProductID": "4_3"
        },
        {
            "Price": 23.33,
            "ProductID": "5_1"
        },
        {
            "Price": 12.01,
            "ProductID": "5_2"
        },
        {
            "Price": 6.83,
            "ProductID": "5_3"
        },
        {
            "Price": 12.89,
            "ProductID": "6_1"
        },
        {
            "Price": 12.81,
            "ProductID": "6_2"
        },
        {
            "Price": 18.28,
            "ProductID": "6_3"
        },
        {
            "Price": 18.0,
            "ProductID": "7_1"
        },
        {
            "Price": 9.63,
            "ProductID": "7_2"
        },
        {
            "Price": 15.57,
            "ProductID": "7_3"
        },
        {
            "Price": 15.34,
            "ProductID": "8_1"
        },
        {
            "Price": 25.49,
            "ProductID": "8_2"
        },
        {
            "Price": 13.2,
            "ProductID": "8_3"
        },
        {
            "Price": 9.07,
            "ProductID": "9_1"
        },
        {
            "Price": 13.8,
            "ProductID": "9_2"
        },
        {
            "Price": 11.49,
            "ProductID": "9_3"
        },
        {
            "Price": 15.07,
            "ProductID": "10_1"
        },
        {
            "Price": 9.4,
            "ProductID": "10_2"
        },
        {
            "Price": 18.04,
            "ProductID": "10_3"
        },
        {
            "Price": 9.66,
            "ProductID": "11_1"
        },
        {
            "Price": 12.32,
            "ProductID": "11_2"
        },
        {
            "Price": 16.89,
            "ProductID": "11_3"
        },
        {
            "Price": 15.18,
            "ProductID": "12_1"
        },
        {
            "Price": 14.84,
            "ProductID": "12_2"
        },
        {
            "Price": 6.3,
            "ProductID": "12_3"
        },
        {
            "Price": 13.31,
            "ProductID": "13_1"
        },
        {
            "Price": 13.39,
            "ProductID": "13_2"
        },
        {
            "Price": 7.63,
            "ProductID": "13_3"
        },
        {
            "Price": 16.04,
            "ProductID": "14_1"
        },
        {
            "Price": 20.54,
            "ProductID": "14_2"
        },
        {
            "Price": 20.75,
            "ProductID": "14_3"
        },
        {
            "Price": 14.79,
            "ProductID": "15_1"
        },
        {
            "Price": 16.6,
            "ProductID": "15_2"
        },
        {
            "Price": 19.93,
            "ProductID": "15_3"
        },
        {
            "Price": 12.15,
            "ProductID": "16_1"
        },
        {
            "Price": 23.92,
            "ProductID": "16_2"
        },
        {
            "Price": 15.5,
            "ProductID": "16_3"
        },
        {
            "Price": 12.4,
            "ProductID": "17_1"
        },
        {
            "Price": 17.1,
            "ProductID": "17_2"
        },
        {
            "Price": 12.94,
            "ProductID": "17_3"
        },
        {
            "Price": 12.38,
            "ProductID": "18_1"
        },
        {
            "Price": 19.66,
            "ProductID": "18_2"
        },
        {
            "Price": 7.55,
            "ProductID": "18_3"
        },
        {
            "Price": 7.05,
            "ProductID": "19_1"
        },
        {
            "Price": 12.43,
            "ProductID": "19_2"
        },
        {
            "Price": 17.49,
            "ProductID": "19_3"
        },
        {
            "Price": 12.56,
            "ProductID": "20_1"
        },
        {
            "Price": 19.81,
            "ProductID": "20_2"
        },
        {
            "Price": 25.37,
            "ProductID": "20_3"
        }
    ],
    "StoreID": 3
}