{
    "PriceDate": "2018-06-05 00:00:00",
    "PriceUpdates": [
        {
            "Price": 18.11,
            "ProductID": "1_1"
        },
        {
            "Price": 18.41,
            "ProductID": "1_2"
        },
        {
            "Price": 17.85,
            "ProductID": "1_3"
        },
        {
            "Price": 12.63,
            "ProductID": "2_1"
        },
        {
            "Price": 10.84,
            "ProductID": "2_2"
        },
        {
            "Price": 13.69,
            "ProductID": "2_3"
        },
        {
            "Price": 17.26,
            "ProductID": "3_1"
        },
        {
            "Price": 11.73,
            "ProductID": "3_2"
        },
        {
            "Price": 11.65,
            "ProductID": "3_3"
        },
        {
            "Price": 12.48,
            "ProductID": "4_1"
        },
        {
            "Price": 9.21,
            "ProductID": "4_2"
        },
        {
            "Price": 17.79,
            "ProductID": "4_3"
        },
        {
            "Price": 17.9,
            "ProductID": "5_1"
        },
        {
            "Price": 10.41,
            "ProductID": "5_2"
        },
        {
            "Price": 13.09,
            "ProductID": "5_3"
        },
        {
            "Price": 12.74,
            "ProductID": "6_1"
        },
        {
            "Price": 21.68,
            "ProductID": "6_2"
        },
        {
            "Price": 14.03,
            "ProductID": "6_3"
        },
        {
            "Price": 17.14,
            "ProductID": "7_1"
        },
        {
            "Price": 11.33,
            "ProductID": "7_2"
        },
        {
            "Price": 13.75,
            "ProductID": "7_3"
        },
        {
            "Price": 11.9,
            "ProductID": "8_1"
        },
        {
            "Price": 17.67,
            "ProductID": "8_2"
        },
        {
            "Price": 12.52,
            "ProductID": "8_3"
        },
        {
            "Price": 10.33,
            "ProductID": "9_1"
        },
        {
            "Price": 10.96,
            "ProductID": "9_2"
        },
        {
            "Price": 14.48,
            "ProductID": "9_3"
        },
        {
            "Price": 18.25,
            "ProductID": "10_1"
        },
        {
            "Price": 11.0,
            "ProductID": "10_2"
        },
        {
            "Price": 19.74,
            "ProductID": "10_3"
        },
        {
            "Price": 8.78,
            "ProductID": "11_1"
        },
        {
            "Price": 16.59,
            "ProductID": "11_2"
        },
        {
            "Price": 20.79,
            "ProductID": "11_3"
        },
        {
            "Price": 15.92,
            "ProductID": "12_1"
        },
        {
            "Price": 15.18,
            "ProductID": "12_2"
        },
        {
            "Price": 7.84,
            "ProductID": "12_3"
        },
        {
            "Price": 8.79,
            "ProductID": "13_1"
        },
        {
            "Price": 19.18,
            "ProductID": "13_2"
        },
        {
            "Price": 16.5,
            "ProductID": "13_3"
        },
        {
            "Price": 17.71,
            "ProductID": "14_1"
        },
        {
            "Price": 11.83,
            "ProductID": "14_2"
        },
        {
            "Price": 16.94,
            "ProductID": "14_3"
        },
        {
            "Price": 14.36,
            "ProductID": "15_1"
        },
        {
            "Price": 12.45,
            "ProductID": "15_2"
        },
        {
            "Price": 13.57,
            "ProductID": "15_3"
        },
        {
            "Price": 14.79,
            "ProductID": "16_1"
        },
        {
            "Price": 23.47,
            "ProductID": "16_2"
        },
        {
            "Price": 11.37,
            "ProductID": "16_3"
        },
        {
            "Price": 10.76,
            "ProductID": "17_1"
        },
        {
            "Price": 15.5,
            "ProductID": "17_2"
        },
        {
            "Price": 19.94,
            "ProductID": "17_3"
        },
        {
            "Price": 11.6,
            "ProductID": "18_1"
        },
        {
            "Price": 18.37,
            "ProductID": "18_2"
        },
        {
            "Price": 10.6,
            "ProductID": "18_3"
        },
        {
            "Price": 6.14,
            "ProductID": "19_1"
        },
        {
            "Price": 17.64,
            "ProductID": "19_2"
        },
        {
            "Price": 19.05,
            "ProductID": "19_3"
        },
        {
            "Price": 9.91,
            "ProductID": "20_1"
        },
        {
            "Price": 10.02,
            "ProductID": "20_2"
        },
        {
            "Price": 21.02,
            "ProductID": "20_3"
        }
    ],
    "StoreID": 6
}