{
    "PriceDate": "2018-02-27 00:00:00",
    "PriceUpdates": [
        {
            "Price": 17.1,
            "ProductID": "1_1"
        },
        {
            "Price": 17.11,
            "ProductID": "1_2"
        },
        {
            "Price": 18.21,
            "ProductID": "1_3"
        },
        {
            "Price": 14.73,
            "ProductID": "2_1"
        },
        {
            "Price": 13.6,
            "ProductID": "2_2"
        },
        {
            "Price": 19.98,
            "ProductID": "2_3"
        },
        {
            "Price": 12.03,
            "ProductID": "3_1"
        },
        {
            "Price": 12.27,
            "ProductID": "3_2"
        },
        {
            "Price": 16.56,
            "ProductID": "3_3"
        },
        {
            "Price": 12.61,
            "ProductID": "4_1"
        },
        {
            "Price": 8.01,
            "ProductID": "4_2"
        },
        {
            "Price": 16.79,
            "ProductID": "4_3"
        },
        {
            "Price": 12.31,
            "ProductID": "5_1"
        },
        {
            "Price": 15.87,
            "ProductID": "5_2"
        },
        {
            "Price": 7.47,
            "ProductID": "5_3"
        },
        {
            "Price": 11.87,
            "ProductID": "6_1"
        },
        {
            "Price": 17.93,
            "ProductID": "6_2"
        },
        {
            "Price": 12.1,
            "ProductID": "6_3"
        },
        {
            "Price": 22.11,
            "ProductID": "7_1"
        },
        {
            "Price": 16.38,
            "ProductID": "7_2"
        },
        {
            "Price": 11.97,
            "ProductID": "7_3"
        },
        {
            "Price": 16.32,
            "ProductID": "8_1"
        },
        {
            "Price": 20.59,
            "ProductID": "8_2"
        },
        {
            "Price": 15.01,
            "ProductID": "8_3"
        },
        {
            "Price": 12.64,
            "ProductID": "9_1"
        },
        {
            "Price": 10.99,
            "ProductID": "9_2"
        },
        {
            "Price": 15.33,
            "ProductID": "9_3"
        },
        {
            "Price": 17.99,
            "ProductID": "10_1"
        },
        {
            "Price": 15.08,
            "ProductID": "10_2"
        },
        {
            "Price": 7.11,
            "ProductID": "10_3"
        },
        {
            "Price": 18.49,
            "ProductID": "11_1"
        },
        {
            "Price": 15.2,
            "ProductID": "11_2"
        },
        {
            "Price": 21.58,
            "ProductID": "11_3"
        },
        {
            "Price": 15.11,
            "ProductID": "12_1"
        },
        {
            "Price": 13.36,
            "ProductID": "12_2"
        },
        {
            "Price": 2.36,
            "ProductID": "12_3"
        },
        {
            "Price": 10.44,
            "ProductID": "13_1"
        },
        {
            "Price": 11.3,
            "ProductID": "13_2"
        },
        {
            "Price": 17.25,
            "ProductID": "13_3"
        },
        {
            "Price": 14.7,
            "ProductID": "14_1"
        },
        {
            "Price": 18.64,
            "ProductID": "14_2"
        },
        {
            "Price": 18.77,
            "ProductID": "14_3"
        },
        {
            "Price": 15.93,
            "ProductID": "15_1"
        },
        {
            "Price": 12.07,
            "ProductID": "15_2"
        },
        {
            "Price": 22.93,
            "ProductID": "15_3"
        },
        {
            "Price": 21.33,
            "ProductID": "16_1"
        },
        {
            "Price": 12.38,
            "ProductID": "16_2"
        },
        {
            "Price": 8.95,
            "ProductID": "16_3"
        },
        {
            "Price": 12.17,
            "ProductID": "17_1"
        },
        {
            "Price": 17.02,
            "ProductID": "17_2"
        },
        {
            "Price": 19.23,
            "ProductID": "17_3"
        },
        {
            "Price": 15.67,
            "ProductID": "18_1"
        },
        {
            "Price": 13.65,
            "ProductID": "18_2"
        },
        {
            "Price": 12.4,
            "ProductID": "18_3"
        },
        {
            "Price": 7.25,
            "ProductID": "19_1"
        },
        {
            "Price": 14.58,
            "ProductID": "19_2"
        },
        {
            "Price": 15.39,
            "ProductID": "19_3"
        },
        {
            "Price": 10.56,
            "ProductID": "20_1"
        },
        {
            "Price": 18.74,
            "ProductID": "20_2"
        },
        {
            "Price": 13.03,
            "ProductID": "20_3"
        }
    ],
    "StoreID": 6
}