{
    "PriceDate": "2018-02-27 00:00:00",
    "PriceUpdates": [
        {
            "Price": 16.05,
            "ProductID": "1_1"
        },
        {
            "Price": 8.57,
            "ProductID": "1_2"
        },
        {
            "Price": 17.66,
            "ProductID": "1_3"
        },
        {
            "Price": 14.7,
            "ProductID": "2_1"
        },
        {
            "Price": 16.09,
            "ProductID": "2_2"
        },
        {
            "Price": 13.5,
            "ProductID": "2_3"
        },
        {
            "Price": 16.37,
            "ProductID": "3_1"
        },
        {
            "Price": 15.01,
            "ProductID": "3_2"
        },
        {
            "Price": 17.74,
            "ProductID": "3_3"
        },
        {
            "Price": 16.28,
            "ProductID": "4_1"
        },
        {
            "Price": 13.43,
            "ProductID": "4_2"
        },
        {
            "Price": 16.69,
            "ProductID": "4_3"
        },
        {
            "Price": 14.32,
            "ProductID": "5_1"
        },
        {
            "Price": 16.69,
            "ProductID": "5_2"
        },
        {
            "Price": 9.62,
            "ProductID": "5_3"
        },
        {
            "Price": 11.4,
            "ProductID": "6_1"
        },
        {
            "Price": 23.88,
            "ProductID": "6_2"
        },
        {
            "Price": 10.53,
            "ProductID": "6_3"
        },
        {
            "Price": 17.43,
            "ProductID": "7_1"
        },
        {
            "Price": 17.07,
            "ProductID": "7_2"
        },
        {
            "Price": 16.43,
            "ProductID": "7_3"
        },
        {
            "Price": 7.11,
            "ProductID": "8_1"
        },
        {
            "Price": 23.62,
            "ProductID": "8_2"
        },
        {
            "Price": 15.27,
            "ProductID": "8_3"
        },
        {
            "Price": 8.02,
            "ProductID": "9_1"
        },
        {
            "Price": 10.17,
            "ProductID": "9_2"
        },
        {
            "Price": 22.04,
            "ProductID": "9_3"
        },
        {
            "Price": 18.79,
            "ProductID": "10_1"
        },
        {
            "Price": 14.04,
            "ProductID": "10_2"
        },
        {
            "Price": 14.73,
            "ProductID": "10_3"
        },
        {
            "Price": 17.05,
            "ProductID": "11_1"
        },
        {
            "Price": 13.67,
            "ProductID": "11_2"
        },
        {
            "Price": 14.77,
            "ProductID": "11_3"
        },
        {
            "Price": 15.85,
            "ProductID": "12_1"
        },
        {
            "Price": 13.87,
            "ProductID": "12_2"
        },
        {
            "Price": 4.41,
            "ProductID": "12_3"
        },
        {
            "Price": 8.59,
            "ProductID": "13_1"
        },
        {
            "Price": 24.49,
            "ProductID": "13_2"
        },
        {
            "Price": 10.41,
            "ProductID": "13_3"
        },
        {
            "Price": 15.77,
            "ProductID": "14_1"
        },
        {
            "Price": 19.96,
            "ProductID": "14_2"
        },
        {
            "Price": 16.88,
            "ProductID": "14_3"
        },
        {
            "Price": 14.03,
            "ProductID": "15_1"
        },
        {
            "Price": 10.75,
            "ProductID": "15_2"
        },
        {
            "Price": 13.3,
            "ProductID": "15_3"
        },
        {
            "Price": 22.29,
            "ProductID": "16_1"
        },
        {
            "Price": 7.63,
            "ProductID": "16_2"
        },
        {
            "Price": 12.08,
            "ProductID": "16_3"
        },
        {
            "Price": 15.05,
            "ProductID": "17_1"
        },
        {
            "Price": 17.93,
            "ProductID": "17_2"
        },
        {
            "Price": 16.55,
            "ProductID": "17_3"
        },
        {
            "Price": 11.6,
            "ProductID": "18_1"
        },
        {
            "Price": 17.35,
            "ProductID": "18_2"
        },
        {
            "Price": 10.97,
            "ProductID": "18_3"
        },
        {
            "Price": 7.15,
            "ProductID": "19_1"
        },
        {
            "Price": 15.58,
            "ProductID": "19_2"
        },
        {
            "Price": 19.7,
            "ProductID": "19_3"
        },
        {
            "Price": 9.02,
            "ProductID": "20_1"
        },
        {
            "Price": 9.82,
            "ProductID": "20_2"
        },
        {
            "Price": 15.36,
            "ProductID": "20_3"
        }
    ],
    "StoreID": 2
}