{
    "PriceDate": "2018-05-15 00:00:00",
    "PriceUpdates": [
        {
            "Price": 16.55,
            "ProductID": "1_1"
        },
        {
            "Price": 14.71,
            "ProductID": "1_2"
        },
        {
            "Price": 19.03,
            "ProductID": "1_3"
        },
        {
            "Price": 12.84,
            "ProductID": "2_1"
        },
        {
            "Price": 11.44,
            "ProductID": "2_2"
        },
        {
            "Price": 16.46,
            "ProductID": "2_3"
        },
        {
            "Price": 9.4,
            "ProductID": "3_1"
        },
        {
            "Price": 11.47,
            "ProductID": "3_2"
        },
        {
            "Price": 15.32,
            "ProductID": "3_3"
        },
        {
            "Price": 12.98,
            "ProductID": "4_1"
        },
        {
            "Price": 13.13,
            "ProductID": "4_2"
        },
        {
            "Price": 20.58,
            "ProductID": "4_3"
        },
        {
            "Price": 17.15,
            "ProductID": "5_1"
        },
        {
            "Price": 16.41,
            "ProductID": "5_2"
        },
        {
            "Price": 9.15,
            "ProductID": "5_3"
        },
        {
            "Price": 11.43,
            "ProductID": "6_1"
        },
        {
            "Price": 24.11,
            "ProductID": "6_2"
        },
        {
            "Price": 17.53,
            "ProductID": "6_3"
        },
        {
            "Price": 16.55,
            "ProductID": "7_1"
        },
        {
            "Price": 16.2,
            "ProductID": "7_2"
        },
        {
            "Price": 15.41,
            "ProductID": "7_3"
        },
        {
            "Price": 9.08,
            "ProductID": "8_1"
        },
        {
            "Price": 22.74,
            "ProductID": "8_2"
        },
        {
            "Price": 10.23,
            "ProductID": "8_3"
        },
        {
            "Price": 6.78,
            "ProductID": "9_1"
        },
        {
            "Price": 7.29,
            "ProductID": "9_2"
        },
        {
            "Price": 11.81,
            "ProductID": "9_3"
        },
        {
            "Price": 16.29,
            "ProductID": "10_1"
        },
        {
            "Price": 15.18,
            "ProductID": "10_2"
        },
        {
            "Price": 19.35,
            "ProductID": "10_3"
        },
        {
            "Price": 15.07,
            "ProductID": "11_1"
        },
        {
            "Price": 16.01,
            "ProductID": "11_2"
        },
        {
            "Price": 20.28,
            "ProductID": "11_3"
        },
        {
            "Price": 17.66,
            "ProductID": "12_1"
        },
        {
            "Price": 15.31,
            "ProductID": "12_2"
        },
        {
            "Price": 2.33,
            "ProductID": "12_3"
        },
        {
            "Price": 17.51,
            "ProductID": "13_1"
        },
        {
            "Price": 13.53,
            "ProductID": "13_2"
        },
        {
            "Price": 6.81,
            "ProductID": "13_3"
        },
        {
            "Price": 15.58,
            "ProductID": "14_1"
        },
        {
            "Price": 12.54,
            "ProductID": "14_2"
        },
        {
            "Price": 20.37,
            "ProductID": "14_3"
        },
        {
            "Price": 13.26,
            "ProductID": "15_1"
        },
        {
            "Price": 16.15,
            "ProductID": "15_2"
        },
        {
            "Price": 20.34,
            "ProductID": "15_3"
        },
        {
            "Price": 18.54,
            "ProductID": "16_1"
        },
        {
            "Price": 16.48,
            "ProductID": "16_2"
        },
        {
            "Price": 12.79,
            "ProductID": "16_3"
        },
        {
            "Price": 10.52,
            "ProductID": "17_1"
        },
        {
            "Price": 15.06,
            "ProductID": "17_2"
        },
        {
            "Price": 21.63,
            "ProductID": "17_3"
        },
        {
            "Price": 13.05,
            "ProductID": "18_1"
        },
        {
            "Price": 12.41,
            "ProductID": "18_2"
        },
        {
            "Price": 9.08,
            "ProductID": "18_3"
        },
        {
            "Price": 6.87,
            "ProductID": "19_1"
        },
        {
            "Price": 18.24,
            "ProductID": "19_2"
        },
        {
            "Price": 19.53,
            "ProductID": "19_3"
        },
        {
            "Price": 11.92,
            "ProductID": "20_1"
        },
        {
            "Price": 18.06,
            "ProductID": "20_2"
        },
        {
            "Price": 25.64,
            "ProductID": "20_3"
        }
    ],
    "StoreID": 3
}