{
    "PriceDate": "2018-06-19 00:00:00",
    "PriceUpdates": [
        {
            "Price": 14.55,
            "ProductID": "1_1"
        },
        {
            "Price": 20.63,
            "ProductID": "1_2"
        },
        {
            "Price": 17.48,
            "ProductID": "1_3"
        },
        {
            "Price": 13.64,
            "ProductID": "2_1"
        },
        {
            "Price": 19.61,
            "ProductID": "2_2"
        },
        {
            "Price": 24.55,
            "ProductID": "2_3"
        },
        {
            "Price": 10.04,
            "ProductID": "3_1"
        },
        {
            "Price": 12.79,
            "ProductID": "3_2"
        },
        {
            "Price": 15.4,
            "ProductID": "3_3"
        },
        {
            "Price": 19.79,
            "ProductID": "4_1"
        },
        {
            "Price": 13.82,
            "ProductID": "4_2"
        },
        {
            "Price": 20.36,
            "ProductID": "4_3"
        },
        {
            "Price": 23.35,
            "ProductID": "5_1"
        },
        {
            "Price": 15.89,
            "ProductID": "5_2"
        },
        {
            "Price": 10.36,
            "ProductID": "5_3"
        },
        {
            "Price": 12.54,
            "ProductID": "6_1"
        },
        {
            "Price": 23.62,
            "ProductID": "6_2"
        },
        {
            "Price": 10.48,
            "ProductID": "6_3"
        },
        {
            "Price": 21.8,
            "ProductID": "7_1"
        },
        {
            "Price": 18.4,
            "ProductID": "7_2"
        },
        {
            "Price": 14.01,
            "ProductID": "7_3"
        },
        {
            "Price": 16.36,
            "ProductID": "8_1"
        },
        {
            "Price": 23.38,
            "ProductID": "8_2"
        },
        {
            "Price": 11.63,
            "ProductID": "8_3"
        },
        {
            "Price": 10.22,
            "ProductID": "9_1"
        },
        {
            "Price": 12.25,
            "ProductID": "9_2"
        },
        {
            "Price": 15.27,
            "ProductID": "9_3"
        },
        {
            "Price": 16.74,
            "ProductID": "10_1"
        },
        {
            "Price": 12.34,
            "ProductID": "10_2"
        },
        {
            "Price": 23.39,
            "ProductID": "10_3"
        },
        {
            "Price": 15.97,
            "ProductID": "11_1"
        },
        {
            "Price": 18.65,
            "ProductID": "11_2"
        },
        {
            "Price": 17.02,
            "ProductID": "11_3"
        },
        {
            "Price": 16.4,
            "ProductID": "12_1"
        },
        {
            "Price": 18.3,
            "ProductID": "12_2"
        },
        {
            "Price": 6.42,
            "ProductID": "12_3"
        },
        {
            "Price": 20.23,
            "ProductID": "13_1"
        },
        {
            "Price": 11.67,
            "ProductID": "13_2"
        },
        {
            "Price": 7.53,
            "ProductID": "13_3"
        },
        {
            "Price": 13.9,
            "ProductID": "14_1"
        },
        {
            "Price": 13.77,
            "ProductID": "14_2"
        },
        {
            "Price": 22.12,
            "ProductID": "14_3"
        },
        {
            "Price": 13.6,
            "ProductID": "15_1"
        },
        {
            "Price": 9.27,
            "ProductID": "15_2"
        },
        {
            "Price": 12.88,
            "ProductID": "15_3"
        },
        {
            "Price": 15.49,
            "ProductID": "16_1"
        },
        {
            "Price": 21.77,
            "ProductID": "16_2"
        },
        {
            "Price": 12.83,
            "ProductID": "16_3"
        },
        {
            "Price": 14.66,
            "ProductID": "17_1"
        },
        {
            "Price": 13.71,
            "ProductID": "17_2"
        },
        {
            "Price": 12.41,
            "ProductID": "17_3"
        },
        {
            "Price": 14.12,
            "ProductID": "18_1"
        },
        {
            "Price": 13.71,
            "ProductID": "18_2"
        },
        {
            "Price": 8.91,
            "ProductID": "18_3"
        },
        {
            "Price": 6.95,
            "ProductID": "19_1"
        },
        {
            "Price": 8.63,
            "ProductID": "19_2"
        },
        {
            "Price": 15.99,
            "ProductID": "19_3"
        },
        {
            "Price": 10.77,
            "ProductID": "20_1"
        },
        {
            "Price": 11.57,
            "ProductID": "20_2"
        },
        {
            "Price": 15.96,
            "ProductID": "20_3"
        }
    ],
    "StoreID": 6
}