{
    "PriceDate": "2018-05-01 00:00:00",
    "PriceUpdates": [
        {
            "Price": 13.27,
            "ProductID": "1_1"
        },
        {
            "Price": 15.98,
            "ProductID": "1_2"
        },
        {
            "Price": 19.35,
            "ProductID": "1_3"
        },
        {
            "Price": 16.8,
            "ProductID": "2_1"
        },
        {
            "Price": 11.74,
            "ProductID": "2_2"
        },
        {
            "Price": 21.6,
            "ProductID": "2_3"
        },
        {
            "Price": 13.36,
            "ProductID": "3_1"
        },
        {
            "Price": 15.99,
            "ProductID": "3_2"
        },
        {
            "Price": 16.46,
            "ProductID": "3_3"
        },
        {
            "Price": 15.3,
            "ProductID": "4_1"
        },
        {
            "Price": 11.91,
            "ProductID": "4_2"
        },
        {
            "Price": 21.08,
            "ProductID": "4_3"
        },
        {
            "Price": 20.22,
            "ProductID": "5_1"
        },
        {
            "Price": 12.05,
            "ProductID": "5_2"
        },
        {
            "Price": 8.46,
            "ProductID": "5_3"
        },
        {
            "Price": 12.3,
            "ProductID": "6_1"
        },
        {
            "Price": 26.82,
            "ProductID": "6_2"
        },
        {
            "Price": 16.49,
            "ProductID": "6_3"
        },
        {
            "Price": 23.63,
            "ProductID": "7_1"
        },
        {
            "Price": 10.84,
            "ProductID": "7_2"
        },
        {
            "Price": 14.07,
            "ProductID": "7_3"
        },
        {
            "Price": 12.69,
            "ProductID": "8_1"
        },
        {
            "Price": 23.06,
            "ProductID": "8_2"
        },
        {
            "Price": 16.2,
            "ProductID": "8_3"
        },
        {
            "Price": 8.75,
            "ProductID": "9_1"
        },
        {
            "Price": 9.57,
            "ProductID": "9_2"
        },
        {
            "Price": 21.34,
            "ProductID": "9_3"
        },
        {
            "Price": 16.34,
            "ProductID": "10_1"
        },
        {
            "Price": 12.33,
            "ProductID": "10_2"
        },
        {
            "Price": 9.56,
            "ProductID": "10_3"
        },
        {
            "Price": 11.77,
            "ProductID": "11_1"
        },
        {
            "Price": 13.04,
            "ProductID": "11_2"
        },
        {
            "Price": 20.74,
            "ProductID": "11_3"
        },
        {
            "Price": 17.42,
            "ProductID": "12_1"
        },
        {
            "Price": 15.17,
            "ProductID": "12_2"
        },
        {
            "Price": 3.52,
            "ProductID": "12_3"
        },
        {
            "Price": 18.94,
            "ProductID": "13_1"
        },
        {
            "Price": 12.38,
            "ProductID": "13_2"
        },
        {
            "Price": 9.39,
            "ProductID": "13_3"
        },
        {
            "Price": 17.13,
            "ProductID": "14_1"
        },
        {
            "Price": 15.34,
            "ProductID": "14_2"
        },
        {
            "Price": 21.95,
            "ProductID": "14_3"
        },
        {
            "Price": 13.9,
            "ProductID": "15_1"
        },
        {
            "Price": 13.78,
            "ProductID": "15_2"
        },
        {
            "Price": 17.68,
            "ProductID": "15_3"
        },
        {
            "Price": 19.33,
            "ProductID": "16_1"
        },
        {
            "Price": 16.39,
            "ProductID": "16_2"
        },
        {
            "Price": 16.29,
            "ProductID": "16_3"
        },
        {
            "Price": 12.53,
            "ProductID": "17_1"
        },
        {
            "Price": 17.55,
            "ProductID": "17_2"
        },
        {
            "Price": 14.17,
            "ProductID": "17_3"
        },
        {
            "Price": 14.2,
            "ProductID": "18_1"
        },
        {
            "Price": 18.29,
            "ProductID": "18_2"
        },
        {
            "Price": 9.54,
            "ProductID": "18_3"
        },
        {
            "Price": 6.94,
            "ProductID": "19_1"
        },
        {
            "Price": 16.95,
            "ProductID": "19_2"
        },
        {
            "Price": 18.07,
            "ProductID": "19_3"
        },
        {
            "Price": 9.19,
            "ProductID": "20_1"
        },
        {
            "Price": 14.52,
            "ProductID": "20_2"
        },
        {
            "Price": 14.73,
            "ProductID": "20_3"
        }
    ],
    "StoreID": 1
}