{
    "PriceDate": "2018-02-13 00:00:00",
    "PriceUpdates": [
        {
            "Price": 18.01,
            "ProductID": "1_1"
        },
        {
            "Price": 15.36,
            "ProductID": "1_2"
        },
        {
            "Price": 18.4,
            "ProductID": "1_3"
        },
        {
            "Price": 15.75,
            "ProductID": "2_1"
        },
        {
            "Price": 19.76,
            "ProductID": "2_2"
        },
        {
            "Price": 13.77,
            "ProductID": "2_3"
        },
        {
            "Price": 10.12,
            "ProductID": "3_1"
        },
        {
            "Price": 12.84,
            "ProductID": "3_2"
        },
        {
            "Price": 13.33,
            "ProductID": "3_3"
        },
        {
            "Price": 16.41,
            "ProductID": "4_1"
        },
        {
            "Price": 15.01,
            "ProductID": "4_2"
        },
        {
            "Price": 15.01,
            "ProductID": "4_3"
        },
        {
            "Price": 12.6,
            "ProductID": "5_1"
        },
        {
            "Price": 15.64,
            "ProductID": "5_2"
        },
        {
            "Price": 12.83,
            "ProductID": "5_3"
        },
        {
            "Price": 11.58,
            "ProductID": "6_1"
        },
        {
            "Price": 19.42,
            "ProductID": "6_2"
        },
        {
            "Price": 10.77,
            "ProductID": "6_3"
        },
        {
            "Price": 21.18,
            "ProductID": "7_1"
        },
        {
            "Price": 14.79,
            "ProductID": "7_2"
        },
        {
            "Price": 14.71,
            "ProductID": "7_3"
        },
        {
            "Price": 10.13,
            "ProductID": "8_1"
        },
        {
            "Price": 23.07,
            "ProductID": "8_2"
        },
        {
            "Price": 7.43,
            "ProductID": "8_3"
        },
        {
            "Price": 8.69,
            "ProductID": "9_1"
        },
        {
            "Price": 10.07,
            "ProductID": "9_2"
        },
        {
            "Price": 17.55,
            "ProductID": "9_3"
        },
        {
            "Price": 15.69,
            "ProductID": "10_1"
        },
        {
            "Price": 15.51,
            "ProductID": "10_2"
        },
        {
            "Price": 22.88,
            "ProductID": "10_3"
        },
        {
            "Price": 10.92,
            "ProductID": "11_1"
        },
        {
            "Price": 17.37,
            "ProductID": "11_2"
        },
        {
            "Price": 18.25,
            "ProductID": "11_3"
        },
        {
            "Price": 13.85,
            "ProductID": "12_1"
        },
        {
            "Price": 16.29,
            "ProductID": "12_2"
        },
        {
            "Price": 10.65,
            "ProductID": "12_3"
        },
        {
            "Price": 17.76,
            "ProductID": "13_1"
        },
        {
            "Price": 20.66,
            "ProductID": "13_2"
        },
        {
            "Price": 17.23,
            "ProductID": "13_3"
        },
        {
            "Price": 14.26,
            "ProductID": "14_1"
        },
        {
            "Price": 13.76,
            "ProductID": "14_2"
        },
        {
            "Price": 22.38,
            "ProductID": "14_3"
        },
        {
            "Price": 15.31,
            "ProductID": "15_1"
        },
        {
            "Price": 16.05,
            "ProductID": "15_2"
        },
        {
            "Price": 16.24,
            "ProductID": "15_3"
        },
        {
            "Price": 15.8,
            "ProductID": "16_1"
        },
        {
            "Price": 13.71,
            "ProductID": "16_2"
        },
        {
            "Price": 11.56,
            "ProductID": "16_3"
        },
        {
            "Price": 13.5,
            "ProductID": "17_1"
        },
        {
            "Price": 17.76,
            "ProductID": "17_2"
        },
        {
            "Price": 18.18,
            "ProductID": "17_3"
        },
        {
            "Price": 15.68,
            "ProductID": "18_1"
        },
        {
            "Price": 18.28,
            "ProductID": "18_2"
        },
        {
            "Price": 10.22,
            "ProductID": "18_3"
        },
        {
            "Price": 7.3,
            "ProductID": "19_1"
        },
        {
            "Price": 10.73,
            "ProductID": "19_2"
        },
        {
            "Price": 16.03,
            "ProductID": "19_3"
        },
        {
            "Price": 11.51,
            "ProductID": "20_1"
        },
        {
            "Price": 10.96,
            "ProductID": "20_2"
        },
        {
            "Price": 24.74,
            "ProductID": "20_3"
        }
    ],
    "StoreID": 5
}