{
    "PriceDate": "2018-03-13 00:00:00",
    "PriceUpdates": [
        {
            "Price": 16.64,
            "ProductID": "1_1"
        },
        {
            "Price": 16.84,
            "ProductID": "1_2"
        },
        {
            "Price": 19.61,
            "ProductID": "1_3"
        },
        {
            "Price": 13.29,
            "ProductID": "2_1"
        },
        {
            "Price": 12.52,
            "ProductID": "2_2"
        },
        {
            "Price": 18.92,
            "ProductID": "2_3"
        },
        {
            "Price": 11.03,
            "ProductID": "3_1"
        },
        {
            "Price": 14.84,
            "ProductID": "3_2"
        },
        {
            "Price": 12.9,
            "ProductID": "3_3"
        },
        {
            "Price": 14.26,
            "ProductID": "4_1"
        },
        {
            "Price": 9.73,
            "ProductID": "4_2"
        },
        {
            "Price": 20.14,
            "ProductID": "4_3"
        },
        {
            "Price": 17.18,
            "ProductID": "5_1"
        },
        {
            "Price": 15.12,
            "ProductID": "5_2"
        },
        {
            "Price": 13.9,
            "ProductID": "5_3"
        },
        {
            "Price": 12.15,
            "ProductID": "6_1"
        },
        {
            "Price": 23.83,
            "ProductID": "6_2"
        },
        {
            "Price": 12.06,
            "ProductID": "6_3"
        },
        {
            "Price": 19.4,
            "ProductID": "7_1"
        },
        {
            "Price": 8.64,
            "ProductID": "7_2"
        },
        {
            "Price": 10.49,
            "ProductID": "7_3"
        },
        {
            "Price": 17.24,
            "ProductID": "8_1"
        },
        {
            "Price": 22.16,
            "ProductID": "8_2"
        },
        {
            "Price": 7.57,
            "ProductID": "8_3"
        },
        {
            "Price": 12.07,
            "ProductID": "9_1"
        },
        {
            "Price": 10.09,
            "ProductID": "9_2"
        },
        {
            "Price": 15.05,
            "ProductID": "9_3"
        },
        {
            "Price": 17.58,
            "ProductID": "10_1"
        },
        {
            "Price": 14.18,
            "ProductID": "10_2"
        },
        {
            "Price": 8.91,
            "ProductID": "10_3"
        },
        {
            "Price": 17.57,
            "ProductID": "11_1"
        },
        {
            "Price": 21.53,
            "ProductID": "11_2"
        },
        {
            "Price": 16.39,
            "ProductID": "11_3"
        },
        {
            "Price": 14.13,
            "ProductID": "12_1"
        },
        {
            "Price": 16.23,
            "ProductID": "12_2"
        },
        {
            "Price": 12.18,
            "ProductID": "12_3"
        },
        {
            "Price": 16.9,
            "ProductID": "13_1"
        },
        {
            "Price": 10.49,
            "ProductID": "13_2"
        },
        {
            "Price": 11.74,
            "ProductID": "13_3"
        },
        {
            "Price": 11.93,
            "ProductID": "14_1"
        },
        {
            "Price": 15.6,
            "ProductID": "14_2"
        },
        {
            "Price": 10.64,
            "ProductID": "14_3"
        },
        {
            "Price": 15.44,
            "ProductID": "15_1"
        },
        {
            "Price": 11.05,
            "ProductID": "15_2"
        },
        {
            "Price": 13.37,
            "ProductID": "15_3"
        },
        {
            "Price": 20.9,
            "ProductID": "16_1"
        },
        {
            "Price": 20.07,
            "ProductID": "16_2"
        },
        {
            "Price": 11.3,
            "ProductID": "16_3"
        },
        {
            "Price": 11.15,
            "ProductID": "17_1"
        },
        {
            "Price": 18.9,
            "ProductID": "17_2"
        },
        {
            "Price": 17.09,
            "ProductID": "17_3"
        },
        {
            "Price": 15.04,
            "ProductID": "18_1"
        },
        {
            "Price": 15.38,
            "ProductID": "18_2"
        },
        {
            "Price": 9.12,
            "ProductID": "18_3"
        },
        {
            "Price": 6.98,
            "ProductID": "19_1"
        },
        {
            "Price": 15.57,
            "ProductID": "19_2"
        },
        {
            "Price": 15.95,
            "ProductID": "19_3"
        },
        {
            "Price": 14.0,
            "ProductID": "20_1"
        },
        {
            "Price": 19.1,
            "ProductID": "20_2"
        },
        {
            "Price": 20.81,
            "ProductID": "20_3"
        }
    ],
    "StoreID": 1
}