{
    "PriceDate": "2018-06-26 00:00:00",
    "PriceUpdates": [
        {
            "Price": 16.78,
            "ProductID": "1_1"
        },
        {
            "Price": 15.19,
            "ProductID": "1_2"
        },
        {
            "Price": 18.51,
            "ProductID": "1_3"
        },
        {
            "Price": 9.53,
            "ProductID": "2_1"
        },
        {
            "Price": 13.92,
            "ProductID": "2_2"
        },
        {
            "Price": 15.79,
            "ProductID": "2_3"
        },
        {
            "Price": 10.38,
            "ProductID": "3_1"
        },
        {
            "Price": 17.59,
            "ProductID": "3_2"
        },
        {
            "Price": 14.64,
            "ProductID": "3_3"
        },
        {
            "Price": 20.26,
            "ProductID": "4_1"
        },
        {
            "Price": 13.45,
            "ProductID": "4_2"
        },
        {
            "Price": 19.05,
            "ProductID": "4_3"
        },
        {
            "Price": 17.86,
            "ProductID": "5_1"
        },
        {
            "Price": 11.65,
            "ProductID": "5_2"
        },
        {
            "Price": 13.03,
            "ProductID": "5_3"
        },
        {
            "Price": 11.83,
            "ProductID": "6_1"
        },
        {
            "Price": 11.61,
            "ProductID": "6_2"
        },
        {
            "Price": 13.56,
            "ProductID": "6_3"
        },
        {
            "Price": 22.36,
            "ProductID": "7_1"
        },
        {
            "Price": 12.87,
            "ProductID": "7_2"
        },
        {
            "Price": 14.84,
            "ProductID": "7_3"
        },
        {
            "Price": 14.35,
            "ProductID": "8_1"
        },
        {
            "Price": 19.97,
            "ProductID": "8_2"
        },
        {
            "Price": 9.62,
            "ProductID": "8_3"
        },
        {
            "Price": 13.67,
            "ProductID": "9_1"
        },
        {
            "Price": 14.24,
            "ProductID": "9_2"
        },
        {
            "Price": 20.41,
            "ProductID": "9_3"
        },
        {
            "Price": 17.08,
            "ProductID": "10_1"
        },
        {
            "Price": 12.26,
            "ProductID": "10_2"
        },
        {
            "Price": 18.87,
            "ProductID": "10_3"
        },
        {
            "Price": 16.09,
            "ProductID": "11_1"
        },
        {
            "Price": 22.71,
            "ProductID": "11_2"
        },
        {
            "Price": 15.23,
            "ProductID": "11_3"
        },
        {
            "Price": 20.34,
            "ProductID": "12_1"
        },
        {
            "Price": 13.34,
            "ProductID": "12_2"
        },
        {
            "Price": 8.12,
            "ProductID": "12_3"
        },
        {
            "Price": 13.03,
            "ProductID": "13_1"
        },
        {
            "Price": 18.7,
            "ProductID": "13_2"
        },
        {
            "Price": 12.67,
            "ProductID": "13_3"
        },
        {
            "Price": 16.16,
            "ProductID": "14_1"
        },
        {
            "Price": 15.43,
            "ProductID": "14_2"
        },
        {
            "Price": 19.24,
            "ProductID": "14_3"
        },
        {
            "Price": 12.8,
            "ProductID": "15_1"
        },
        {
            "Price": 13.28,
            "ProductID": "15_2"
        },
        {
            "Price": 13.54,
            "ProductID": "15_3"
        },
        {
            "Price": 13.48,
            "ProductID": "16_1"
        },
        {
            "Price": 14.82,
            "ProductID": "16_2"
        },
        {
            "Price": 16.35,
            "ProductID": "16_3"
        },
        {
            "Price": 15.66,
            "ProductID": "17_1"
        },
        {
            "Price": 17.83,
            "ProductID": "17_2"
        },
        {
            "Price": 20.38,
            "ProductID": "17_3"
        },
        {
            "Price": 15.37,
            "ProductID": "18_1"
        },
        {
            "Price": 15.21,
            "ProductID": "18_2"
        },
        {
            "Price": 11.35,
            "ProductID": "18_3"
        },
        {
            "Price": 6.94,
            "ProductID": "19_1"
        },
        {
            "Price": 10.07,
            "ProductID": "19_2"
        },
        {
            "Price": 22.67,
            "ProductID": "19_3"
        },
        {
            "Price": 8.69,
            "ProductID": "20_1"
        },
        {
            "Price": 16.55,
            "ProductID": "20_2"
        },
        {
            "Price": 15.59,
            "ProductID": "20_3"
        }
    ],
    "StoreID": 1
}