{
    "PriceDate": "2018-04-24 00:00:00",
    "PriceUpdates": [
        {
            "Price": 16.11,
            "ProductID": "1_1"
        },
        {
            "Price": 17.27,
            "ProductID": "1_2"
        },
        {
            "Price": 18.79,
            "ProductID": "1_3"
        },
        {
            "Price": 16.62,
            "ProductID": "2_1"
        },
        {
            "Price": 14.07,
            "ProductID": "2_2"
        },
        {
            "Price": 15.94,
            "ProductID": "2_3"
        },
        {
            "Price": 14.68,
            "ProductID": "3_1"
        },
        {
            "Price": 13.99,
            "ProductID": "3_2"
        },
        {
            "Price": 15.87,
            "ProductID": "3_3"
        },
        {
            "Price": 18.36,
            "ProductID": "4_1"
        },
        {
            "Price": 14.49,
            "ProductID": "4_2"
        },
        {
            "Price": 16.85,
            "ProductID": "4_3"
        },
        {
            "Price": 17.66,
            "ProductID": "5_1"
        },
        {
            "Price": 16.78,
            "ProductID": "5_2"
        },
        {
            "Price": 9.96,
            "ProductID": "5_3"
        },
        {
            "Price": 11.11,
            "ProductID": "6_1"
        },
        {
            "Price": 23.76,
            "ProductID": "6_2"
        },
        {
            "Price": 10.98,
            "ProductID": "6_3"
        },
        {
            "Price": 22.66,
            "ProductID": "7_1"
        },
        {
            "Price": 15.97,
            "ProductID": "7_2"
        },
        {
            "Price": 11.04,
            "ProductID": "7_3"
        },
        {
            "Price": 7.34,
            "ProductID": "8_1"
        },
        {
            "Price": 19.89,
            "ProductID": "8_2"
        },
        {
            "Price": 18.61,
            "ProductID": "8_3"
        },
        {
            "Price": 11.56,
            "ProductID": "9_1"
        },
        {
            "Price": 8.38,
            "ProductID": "9_2"
        },
        {
            "Price": 20.15,
            "ProductID": "9_3"
        },
        {
            "Price": 19.23,
            "ProductID": "10_1"
        },
        {
            "Price": 13.37,
            "ProductID": "10_2"
        },
        {
            "Price": 16.08,
            "ProductID": "10_3"
        },
        {
            "Price": 9.26,
            "ProductID": "11_1"
        },
        {
            "Price": 22.03,
            "ProductID": "11_2"
        },
        {
            "Price": 19.85,
            "ProductID": "11_3"
        },
        {
            "Price": 17.58,
            "ProductID": "12_1"
        },
        {
            "Price": 15.76,
            "ProductID": "12_2"
        },
        {
            "Price": 5.48,
            "ProductID": "12_3"
        },
        {
            "Price": 17.91,
            "ProductID": "13_1"
        },
        {
            "Price": 24.5,
            "ProductID": "13_2"
        },
        {
            "Price": 14.56,
            "ProductID": "13_3"
        },
        {
            "Price": 17.86,
            "ProductID": "14_1"
        },
        {
            "Price": 17.12,
            "ProductID": "14_2"
        },
        {
            "Price": 16.33,
            "ProductID": "14_3"
        },
        {
            "Price": 16.77,
            "ProductID": "15_1"
        },
        {
            "Price": 14.75,
            "ProductID": "15_2"
        },
        {
            "Price": 18.32,
            "ProductID": "15_3"
        },
        {
            "Price": 14.18,
            "ProductID": "16_1"
        },
        {
            "Price": 21.56,
            "ProductID": "16_2"
        },
        {
            "Price": 15.48,
            "ProductID": "16_3"
        },
        {
            "Price": 13.65,
            "ProductID": "17_1"
        },
        {
            "Price": 13.04,
            "ProductID": "17_2"
        },
        {
            "Price": 21.63,
            "ProductID": "17_3"
        },
        {
            "Price": 16.17,
            "ProductID": "18_1"
        },
        {
            "Price": 9.92,
            "ProductID": "18_2"
        },
        {
            "Price": 12.47,
            "ProductID": "18_3"
        },
        {
            "Price": 6.59,
            "ProductID": "19_1"
        },
        {
            "Price": 14.86,
            "ProductID": "19_2"
        },
        {
            "Price": 16.55,
            "ProductID": "19_3"
        },
        {
            "Price": 9.56,
            "ProductID": "20_1"
        },
        {
            "Price": 10.95,
            "ProductID": "20_2"
        },
        {
            "Price": 12.43,
            "ProductID": "20_3"
        }
    ],
    "StoreID": 6
}