{
    "PriceDate": "2018-02-13 00:00:00",
    "PriceUpdates": [
        {
            "Price": 13.01,
            "ProductID": "1_1"
        },
        {
            "Price": 20.67,
            "ProductID": "1_2"
        },
        {
            "Price": 18.18,
            "ProductID": "1_3"
        },
        {
            "Price": 11.69,
            "ProductID": "2_1"
        },
        {
            "Price": 14.79,
            "ProductID": "2_2"
        },
        {
            "Price": 18.91,
            "ProductID": "2_3"
        },
        {
            "Price": 11.23,
            "ProductID": "3_1"
        },
        {
            "Price": 19.31,
            "ProductID": "3_2"
        },
        {
            "Price": 14.68,
            "ProductID": "3_3"
        },
        {
            "Price": 14.38,
            "ProductID": "4_1"
        },
        {
            "Price": 14.08,
            "ProductID": "4_2"
        },
        {
            "Price": 21.05,
            "ProductID": "4_3"
        },
        {
            "Price": 20.69,
            "ProductID": "5_1"
        },
        {
            "Price": 12.8,
            "ProductID": "5_2"
        },
        {
            "Price": 5.98,
            "ProductID": "5_3"
        },
        {
            "Price": 12.73,
            "ProductID": "6_1"
        },
        {
            "Price": 12.3,
            "ProductID": "6_2"
        },
        {
            "Price": 15.09,
            "ProductID": "6_3"
        },
        {
            "Price": 13.95,
            "ProductID": "7_1"
        },
        {
            "Price": 14.37,
            "ProductID": "7_2"
        },
        {
            "Price": 10.23,
            "ProductID": "7_3"
        },
        {
            "Price": 12.9,
            "ProductID": "8_1"
        },
        {
            "Price": 19.52,
            "ProductID": "8_2"
        },
        {
            "Price": 13.95,
            "ProductID": "8_3"
        },
        {
            "Price": 10.35,
            "ProductID": "9_1"
        },
        {
            "Price": 8.42,
            "ProductID": "9_2"
        },
        {
            "Price": 14.99,
            "ProductID": "9_3"
        },
        {
            "Price": 19.28,
            "ProductID": "10_1"
        },
        {
            "Price": 15.67,
            "ProductID": "10_2"
        },
        {
            "Price": 18.99,
            "ProductID": "10_3"
        },
        {
            "Price": 13.02,
            "ProductID": "11_1"
        },
        {
            "Price": 17.95,
            "ProductID": "11_2"
        },
        {
            "Price": 20.46,
            "ProductID": "11_3"
        },
        {
            "Price": 12.26,
            "ProductID": "12_1"
        },
        {
            "Price": 17.61,
            "ProductID": "12_2"
        },
        {
            "Price": 9.58,
            "ProductID": "12_3"
        },
        {
            "Price": 12.28,
            "ProductID": "13_1"
        },
        {
            "Price": 21.92,
            "ProductID": "13_2"
        },
        {
            "Price": 15.62,
            "ProductID": "13_3"
        },
        {
            "Price": 17.7,
            "ProductID": "14_1"
        },
        {
            "Price": 20.12,
            "ProductID": "14_2"
        },
        {
            "Price": 16.97,
            "ProductID": "14_3"
        },
        {
            "Price": 17.28,
            "ProductID": "15_1"
        },
        {
            "Price": 11.2,
            "ProductID": "15_2"
        },
        {
            "Price": 18.53,
            "ProductID": "15_3"
        },
        {
            "Price": 16.81,
            "ProductID": "16_1"
        },
        {
            "Price": 11.51,
            "ProductID": "16_2"
        },
        {
            "Price": 11.76,
            "ProductID": "16_3"
        },
        {
            "Price": 15.56,
            "ProductID": "17_1"
        },
        {
            "Price": 16.64,
            "ProductID": "17_2"
        },
        {
            "Price": 10.44,
            "ProductID": "17_3"
        },
        {
            "Price": 11.29,
            "ProductID": "18_1"
        },
        {
            "Price": 19.66,
            "ProductID": "18_2"
        },
        {
            "Price": 9.85,
            "ProductID": "18_3"
        },
        {
            "Price": 6.87,
            "ProductID": "19_1"
        },
        {
            "Price": 18.16,
            "ProductID": "19_2"
        },
        {
            "Price": 18.45,
            "ProductID": "19_3"
        },
        {
            "Price": 12.51,
            "ProductID": "20_1"
        },
        {
            "Price": 12.11,
            "ProductID": "20_2"
        },
        {
            "Price": 27.05,
            "ProductID": "20_3"
        }
    ],
    "StoreID": 2
}