{
    "PriceDate": "2018-05-29 00:00:00",
    "PriceUpdates": [
        {
            "Price": 17.56,
            "ProductID": "1_1"
        },
        {
            "Price": 16.75,
            "ProductID": "1_2"
        },
        {
            "Price": 19.6,
            "ProductID": "1_3"
        },
        {
            "Price": 8.39,
            "ProductID": "2_1"
        },
        {
            "Price": 14.06,
            "ProductID": "2_2"
        },
        {
            "Price": 15.25,
            "ProductID": "2_3"
        },
        {
            "Price": 11.02,
            "ProductID": "3_1"
        },
        {
            "Price": 9.8,
            "ProductID": "3_2"
        },
        {
            "Price": 13.58,
            "ProductID": "3_3"
        },
        {
            "Price": 16.94,
            "ProductID": "4_1"
        },
        {
            "Price": 11.03,
            "ProductID": "4_2"
        },
        {
            "Price": 20.12,
            "ProductID": "4_3"
        },
        {
            "Price": 13.49,
            "ProductID": "5_1"
        },
        {
            "Price": 15.63,
            "ProductID": "5_2"
        },
        {
            "Price": 5.89,
            "ProductID": "5_3"
        },
        {
            "Price": 12.36,
            "ProductID": "6_1"
        },
        {
            "Price": 19.14,
            "ProductID": "6_2"
        },
        {
            "Price": 9.82,
            "ProductID": "6_3"
        },
        {
            "Price": 17.7,
            "ProductID": "7_1"
        },
        {
            "Price": 15.3,
            "ProductID": "7_2"
        },
        {
            "Price": 14.82,
            "ProductID": "7_3"
        },
        {
            "Price": 17.18,
            "ProductID": "8_1"
        },
        {
            "Price": 23.48,
            "ProductID": "8_2"
        },
        {
            "Price": 6.11,
            "ProductID": "8_3"
        },
        {
            "Price": 10.39,
            "ProductID": "9_1"
        },
        {
            "Price": 13.97,
            "ProductID": "9_2"
        },
        {
            "Price": 18.07,
            "ProductID": "9_3"
        },
        {
            "Price": 17.76,
            "ProductID": "10_1"
        },
        {
            "Price": 13.34,
            "ProductID": "10_2"
        },
        {
            "Price": 10.98,
            "ProductID": "10_3"
        },
        {
            "Price": 14.0,
            "ProductID": "11_1"
        },
        {
            "Price": 12.86,
            "ProductID": "11_2"
        },
        {
            "Price": 11.41,
            "ProductID": "11_3"
        },
        {
            "Price": 16.33,
            "ProductID": "12_1"
        },
        {
            "Price": 18.53,
            "ProductID": "12_2"
        },
        {
            "Price": 9.15,
            "ProductID": "12_3"
        },
        {
            "Price": 9.79,
            "ProductID": "13_1"
        },
        {
            "Price": 15.05,
            "ProductID": "13_2"
        },
        {
            "Price": 13.35,
            "ProductID": "13_3"
        },
        {
            "Price": 14.22,
            "ProductID": "14_1"
        },
        {
            "Price": 20.91,
            "ProductID": "14_2"
        },
        {
            "Price": 13.47,
            "ProductID": "14_3"
        },
        {
            "Price": 14.73,
            "ProductID": "15_1"
        },
        {
            "Price": 16.82,
            "ProductID": "15_2"
        },
        {
            "Price": 21.21,
            "ProductID": "15_3"
        },
        {
            "Price": 23.5,
            "ProductID": "16_1"
        },
        {
            "Price": 16.62,
            "ProductID": "16_2"
        },
        {
            "Price": 15.93,
            "ProductID": "16_3"
        },
        {
            "Price": 13.26,
            "ProductID": "17_1"
        },
        {
            "Price": 18.68,
            "ProductID": "17_2"
        },
        {
            "Price": 15.89,
            "ProductID": "17_3"
        },
        {
            "Price": 12.86,
            "ProductID": "18_1"
        },
        {
            "Price": 18.25,
            "ProductID": "18_2"
        },
        {
            "Price": 9.3,
            "ProductID": "18_3"
        },
        {
            "Price": 6.74,
            "ProductID": "19_1"
        },
        {
            "Price": 11.89,
            "ProductID": "19_2"
        },
        {
            "Price": 22.51,
            "ProductID": "19_3"
        },
        {
            "Price": 15.68,
            "ProductID": "20_1"
        },
        {
            "Price": 19.96,
            "ProductID": "20_2"
        },
        {
            "Price": 19.42,
            "ProductID": "20_3"
        }
    ],
    "StoreID": 1
}