{
    "PriceDate": "2018-03-27 00:00:00",
    "PriceUpdates": [
        {
            "Price": 14.74,
            "ProductID": "1_1"
        },
        {
            "Price": 14.26,
            "ProductID": "1_2"
        },
        {
            "Price": 19.59,
            "ProductID": "1_3"
        },
        {
            "Price": 11.18,
            "ProductID": "2_1"
        },
        {
            "Price": 18.02,
            "ProductID": "2_2"
        },
        {
            "Price": 21.88,
            "ProductID": "2_3"
        },
        {
            "Price": 12.75,
            "ProductID": "3_1"
        },
        {
            "Price": 18.93,
            "ProductID": "3_2"
        },
        {
            "Price": 15.84,
            "ProductID": "3_3"
        },
        {
            "Price": 20.35,
            "ProductID": "4_1"
        },
        {
            "Price": 15.7,
            "ProductID": "4_2"
        },
        {
            "Price": 17.41,
            "ProductID": "4_3"
        },
        {
            "Price": 24.56,
            "ProductID": "5_1"
        },
        {
            "Price": 16.45,
            "ProductID": "5_2"
        },
        {
            "Price": 9.23,
            "ProductID": "5_3"
        },
        {
            "Price": 11.0,
            "ProductID": "6_1"
        },
        {
            "Price": 22.76,
            "ProductID": "6_2"
        },
        {
            "Price": 11.2,
            "ProductID": "6_3"
        },
        {
            "Price": 15.58,
            "ProductID": "7_1"
        },
        {
            "Price": 12.39,
            "ProductID": "7_2"
        },
        {
            "Price": 16.05,
            "ProductID": "7_3"
        },
        {
            "Price": 8.55,
            "ProductID": "8_1"
        },
        {
            "Price": 17.05,
            "ProductID": "8_2"
        },
        {
            "Price": 12.45,
            "ProductID": "8_3"
        },
        {
            "Price": 14.0,
            "ProductID": "9_1"
        },
        {
            "Price": 12.47,
            "ProductID": "9_2"
        },
        {
            "Price": 18.65,
            "ProductID": "9_3"
        },
        {
            "Price": 17.57,
            "ProductID": "10_1"
        },
        {
            "Price": 10.6,
            "ProductID": "10_2"
        },
        {
            "Price": 8.07,
            "ProductID": "10_3"
        },
        {
            "Price": 9.38,
            "ProductID": "11_1"
        },
        {
            "Price": 18.04,
            "ProductID": "11_2"
        },
        {
            "Price": 19.33,
            "ProductID": "11_3"
        },
        {
            "Price": 18.79,
            "ProductID": "12_1"
        },
        {
            "Price": 17.46,
            "ProductID": "12_2"
        },
        {
            "Price": 8.82,
            "ProductID": "12_3"
        },
        {
            "Price": 7.86,
            "ProductID": "13_1"
        },
        {
            "Price": 22.65,
            "ProductID": "13_2"
        },
        {
            "Price": 9.49,
            "ProductID": "13_3"
        },
        {
            "Price": 13.02,
            "ProductID": "14_1"
        },
        {
            "Price": 12.41,
            "ProductID": "14_2"
        },
        {
            "Price": 11.17,
            "ProductID": "14_3"
        },
        {
            "Price": 13.54,
            "ProductID": "15_1"
        },
        {
            "Price": 10.55,
            "ProductID": "15_2"
        },
        {
            "Price": 14.78,
            "ProductID": "15_3"
        },
        {
            "Price": 12.88,
            "ProductID": "16_1"
        },
        {
            "Price": 7.98,
            "ProductID": "16_2"
        },
        {
            "Price": 10.13,
            "ProductID": "16_3"
        },
        {
            "Price": 13.17,
            "ProductID": "17_1"
        },
        {
            "Price": 16.44,
            "ProductID": "17_2"
        },
        {
            "Price": 19.25,
            "ProductID": "17_3"
        },
        {
            "Price": 11.2,
            "ProductID": "18_1"
        },
        {
            "Price": 18.16,
            "ProductID": "18_2"
        },
        {
            "Price": 10.93,
            "ProductID": "18_3"
        },
        {
            "Price": 7.28,
            "ProductID": "19_1"
        },
        {
            "Price": 15.89,
            "ProductID": "19_2"
        },
        {
            "Price": 16.52,
            "ProductID": "19_3"
        },
        {
            "Price": 8.64,
            "ProductID": "20_1"
        },
        {
            "Price": 15.6,
            "ProductID": "20_2"
        },
        {
            "Price": 11.34,
            "ProductID": "20_3"
        }
    ],
    "StoreID": 2
}