{
    "PriceDate": "2018-05-15 00:00:00",
    "PriceUpdates": [
        {
            "Price": 17.2,
            "ProductID": "1_1"
        },
        {
            "Price": 8.2,
            "ProductID": "1_2"
        },
        {
            "Price": 18.59,
            "ProductID": "1_3"
        },
        {
            "Price": 18.75,
            "ProductID": "2_1"
        },
        {
            "Price": 19.29,
            "ProductID": "2_2"
        },
        {
            "Price": 19.47,
            "ProductID": "2_3"
        },
        {
            "Price": 13.31,
            "ProductID": "3_1"
        },
        {
            "Price": 20.26,
            "ProductID": "3_2"
        },
        {
            "Price": 17.07,
            "ProductID": "3_3"
        },
        {
            "Price": 18.33,
            "ProductID": "4_1"
        },
        {
            "Price": 8.08,
            "ProductID": "4_2"
        },
        {
            "Price": 18.11,
            "ProductID": "4_3"
        },
        {
            "Price": 20.49,
            "ProductID": "5_1"
        },
        {
            "Price": 10.9,
            "ProductID": "5_2"
        },
        {
            "Price": 10.33,
            "ProductID": "5_3"
        },
        {
            "Price": 12.45,
            "ProductID": "6_1"
        },
        {
            "Price": 17.79,
            "ProductID": "6_2"
        },
        {
            "Price": 12.29,
            "ProductID": "6_3"
        },
        {
            "Price": 17.4,
            "ProductID": "7_1"
        },
        {
            "Price": 17.28,
            "ProductID": "7_2"
        },
        {
            "Price": 13.6,
            "ProductID": "7_3"
        },
        {
            "Price": 15.34,
            "ProductID": "8_1"
        },
        {
            "Price": 24.63,
            "ProductID": "8_2"
        },
        {
            "Price": 15.13,
            "ProductID": "8_3"
        },
        {
            "Price": 8.03,
            "ProductID": "9_1"
        },
        {
            "Price": 11.25,
            "ProductID": "9_2"
        },
        {
            "Price": 13.63,
            "ProductID": "9_3"
        },
        {
            "Price": 19.53,
            "ProductID": "10_1"
        },
        {
            "Price": 12.82,
            "ProductID": "10_2"
        },
        {
            "Price": 7.1,
            "ProductID": "10_3"
        },
        {
            "Price": 19.71,
            "ProductID": "11_1"
        },
        {
            "Price": 13.07,
            "ProductID": "11_2"
        },
        {
            "Price": 13.65,
            "ProductID": "11_3"
        },
        {
            "Price": 12.34,
            "ProductID": "12_1"
        },
        {
            "Price": 15.62,
            "ProductID": "12_2"
        },
        {
            "Price": 9.34,
            "ProductID": "12_3"
        },
        {
            "Price": 16.34,
            "ProductID": "13_1"
        },
        {
            "Price": 23.14,
            "ProductID": "13_2"
        },
        {
            "Price": 6.83,
            "ProductID": "13_3"
        },
        {
            "Price": 16.57,
            "ProductID": "14_1"
        },
        {
            "Price": 19.3,
            "ProductID": "14_2"
        },
        {
            "Price": 17.34,
            "ProductID": "14_3"
        },
        {
            "Price": 13.43,
            "ProductID": "15_1"
        },
        {
            "Price": 10.48,
            "ProductID": "15_2"
        },
        {
            "Price": 17.41,
            "ProductID": "15_3"
        },
        {
            "Price": 15.79,
            "ProductID": "16_1"
        },
        {
            "Price": 10.77,
            "ProductID": "16_2"
        },
        {
            "Price": 8.71,
            "ProductID": "16_3"
        },
        {
            "Price": 14.52,
            "ProductID": "17_1"
        },
        {
            "Price": 14.78,
            "ProductID": "17_2"
        },
        {
            "Price": 14.71,
            "ProductID": "17_3"
        },
        {
            "Price": 14.26,
            "ProductID": "18_1"
        },
        {
            "Price": 19.41,
            "ProductID": "18_2"
        },
        {
            "Price": 9.1,
            "ProductID": "18_3"
        },
        {
            "Price": 6.8,
            "ProductID": "19_1"
        },
        {
            "Price": 9.59,
            "ProductID": "19_2"
        },
        {
            "Price": 18.6,
            "ProductID": "19_3"
        },
        {
            "Price": 14.3,
            "ProductID": "20_1"
        },
        {
            "Price": 15.09,
            "ProductID": "20_2"
        },
        {
            "Price": 20.52,
            "ProductID": "20_3"
        }
    ],
    "StoreID": 6
}