{
    "PriceDate": "2018-03-13 00:00:00",
    "PriceUpdates": [
        {
            "Price": 16.35,
            "ProductID": "1_1"
        },
        {
            "Price": 15.41,
            "ProductID": "1_2"
        },
        {
            "Price": 18.69,
            "ProductID": "1_3"
        },
        {
            "Price": 10.05,
            "ProductID": "2_1"
        },
        {
            "Price": 15.61,
            "ProductID": "2_2"
        },
        {
            "Price": 13.8,
            "ProductID": "2_3"
        },
        {
            "Price": 15.25,
            "ProductID": "3_1"
        },
        {
            "Price": 21.17,
            "ProductID": "3_2"
        },
        {
            "Price": 11.59,
            "ProductID": "3_3"
        },
        {
            "Price": 13.35,
            "ProductID": "4_1"
        },
        {
            "Price": 10.17,
            "ProductID": "4_2"
        },
        {
            "Price": 16.65,
            "ProductID": "4_3"
        },
        {
            "Price": 10.85,
            "ProductID": "5_1"
        },
        {
            "Price": 14.74,
            "ProductID": "5_2"
        },
        {
            "Price": 8.51,
            "ProductID": "5_3"
        },
        {
            "Price": 12.45,
            "ProductID": "6_1"
        },
        {
            "Price": 25.51,
            "ProductID": "6_2"
        },
        {
            "Price": 12.31,
            "ProductID": "6_3"
        },
        {
            "Price": 22.57,
            "ProductID": "7_1"
        },
        {
            "Price": 10.34,
            "ProductID": "7_2"
        },
        {
            "Price": 15.86,
            "ProductID": "7_3"
        },
        {
            "Price": 10.51,
            "ProductID": "8_1"
        },
        {
            "Price": 25.3,
            "ProductID": "8_2"
        },
        {
            "Price": 6.91,
            "ProductID": "8_3"
        },
        {
            "Price": 6.79,
            "ProductID": "9_1"
        },
        {
            "Price": 11.4,
            "ProductID": "9_2"
        },
        {
            "Price": 13.3,
            "ProductID": "9_3"
        },
        {
            "Price": 18.25,
            "ProductID": "10_1"
        },
        {
            "Price": 10.82,
            "ProductID": "10_2"
        },
        {
            "Price": 20.53,
            "ProductID": "10_3"
        },
        {
            "Price": 9.37,
            "ProductID": "11_1"
        },
        {
            "Price": 19.7,
            "ProductID": "11_2"
        },
        {
            "Price": 18.75,
            "ProductID": "11_3"
        },
        {
            "Price": 16.16,
            "ProductID": "12_1"
        },
        {
            "Price": 18.47,
            "ProductID": "12_2"
        },
        {
            "Price": 4.48,
            "ProductID": "12_3"
        },
        {
            "Price": 20.62,
            "ProductID": "13_1"
        },
        {
            "Price": 14.13,
            "ProductID": "13_2"
        },
        {
            "Price": 11.37,
            "ProductID": "13_3"
        },
        {
            "Price": 15.38,
            "ProductID": "14_1"
        },
        {
            "Price": 19.26,
            "ProductID": "14_2"
        },
        {
            "Price": 13.03,
            "ProductID": "14_3"
        },
        {
            "Price": 17.03,
            "ProductID": "15_1"
        },
        {
            "Price": 10.35,
            "ProductID": "15_2"
        },
        {
            "Price": 20.34,
            "ProductID": "15_3"
        },
        {
            "Price": 21.78,
            "ProductID": "16_1"
        },
        {
            "Price": 14.9,
            "ProductID": "16_2"
        },
        {
            "Price": 10.87,
            "ProductID": "16_3"
        },
        {
            "Price": 12.63,
            "ProductID": "17_1"
        },
        {
            "Price": 15.82,
            "ProductID": "17_2"
        },
        {
            "Price": 11.83,
            "ProductID": "17_3"
        },
        {
            "Price": 13.07,
            "ProductID": "18_1"
        },
        {
            "Price": 11.27,
            "ProductID": "18_2"
        },
        {
            "Price": 9.32,
            "ProductID": "18_3"
        },
        {
            "Price": 6.53,
            "ProductID": "19_1"
        },
        {
            "Price": 16.29,
            "ProductID": "19_2"
        },
        {
            "Price": 18.28,
            "ProductID": "19_3"
        },
        {
            "Price": 10.75,
            "ProductID": "20_1"
        },
        {
            "Price": 14.09,
            "ProductID": "20_2"
        },
        {
            "Price": 18.29,
            "ProductID": "20_3"
        }
    ],
    "StoreID": 2
}