{
    "PriceDate": "2018-03-06 00:00:00",
    "PriceUpdates": [
        {
            "Price": 15.8,
            "ProductID": "1_1"
        },
        {
            "Price": 11.05,
            "ProductID": "1_2"
        },
        {
            "Price": 18.3,
            "ProductID": "1_3"
        },
        {
            "Price": 13.75,
            "ProductID": "2_1"
        },
        {
            "Price": 12.89,
            "ProductID": "2_2"
        },
        {
            "Price": 21.6,
            "ProductID": "2_3"
        },
        {
            "Price": 12.56,
            "ProductID": "3_1"
        },
        {
            "Price": 11.61,
            "ProductID": "3_2"
        },
        {
            "Price": 15.48,
            "ProductID": "3_3"
        },
        {
            "Price": 12.66,
            "ProductID": "4_1"
        },
        {
            "Price": 15.79,
            "ProductID": "4_2"
        },
        {
            "Price": 15.96,
            "ProductID": "4_3"
        },
        {
            "Price": 12.91,
            "ProductID": "5_1"
        },
        {
            "Price": 11.3,
            "ProductID": "5_2"
        },
        {
            "Price": 13.9,
            "ProductID": "5_3"
        },
        {
            "Price": 11.58,
            "ProductID": "6_1"
        },
        {
            "Price": 20.24,
            "ProductID": "6_2"
        },
        {
            "Price": 9.46,
            "ProductID": "6_3"
        },
        {
            "Price": 14.21,
            "ProductID": "7_1"
        },
        {
            "Price": 10.31,
            "ProductID": "7_2"
        },
        {
            "Price": 9.92,
            "ProductID": "7_3"
        },
        {
            "Price": 16.8,
            "ProductID": "8_1"
        },
        {
            "Price": 15.88,
            "ProductID": "8_2"
        },
        {
            "Price": 13.48,
            "ProductID": "8_3"
        },
        {
            "Price": 8.97,
            "ProductID": "9_1"
        },
        {
            "Price": 14.18,
            "ProductID": "9_2"
        },
        {
            "Price": 13.65,
            "ProductID": "9_3"
        },
        {
            "Price": 15.56,
            "ProductID": "10_1"
        },
        {
            "Price": 15.91,
            "ProductID": "10_2"
        },
        {
            "Price": 21.49,
            "ProductID": "10_3"
        },
        {
            "Price": 9.1,
            "ProductID": "11_1"
        },
        {
            "Price": 13.85,
            "ProductID": "11_2"
        },
        {
            "Price": 10.46,
            "ProductID": "11_3"
        },
        {
            "Price": 15.14,
            "ProductID": "12_1"
        },
        {
            "Price": 17.11,
            "ProductID": "12_2"
        },
        {
            "Price": 2.7,
            "ProductID": "12_3"
        },
        {
            "Price": 10.65,
            "ProductID": "13_1"
        },
        {
            "Price": 20.29,
            "ProductID": "13_2"
        },
        {
            "Price": 10.56,
            "ProductID": "13_3"
        },
        {
            "Price": 18.25,
            "ProductID": "14_1"
        },
        {
            "Price": 19.89,
            "ProductID": "14_2"
        },
        {
            "Price": 26.29,
            "ProductID": "14_3"
        },
        {
            "Price": 16.9,
            "ProductID": "15_1"
        },
        {
            "Price": 14.52,
            "ProductID": "15_2"
        },
        {
            "Price": 14.08,
            "ProductID": "15_3"
        },
        {
            "Price": 21.06,
            "ProductID": "16_1"
        },
        {
            "Price": 17.11,
            "ProductID": "16_2"
        },
        {
            "Price": 11.59,
            "ProductID": "16_3"
        },
        {
            "Price": 12.22,
            "ProductID": "17_1"
        },
        {
            "Price": 18.81,
            "ProductID": "17_2"
        },
        {
            "Price": 20.19,
            "ProductID": "17_3"
        },
        {
            "Price": 15.31,
            "ProductID": "18_1"
        },
        {
            "Price": 9.3,
            "ProductID": "18_2"
        },
        {
            "Price": 13.35,
            "ProductID": "18_3"
        },
        {
            "Price": 7.24,
            "ProductID": "19_1"
        },
        {
            "Price": 14.28,
            "ProductID": "19_2"
        },
        {
            "Price": 18.98,
            "ProductID": "19_3"
        },
        {
            "Price": 13.16,
            "ProductID": "20_1"
        },
        {
            "Price": 18.04,
            "ProductID": "20_2"
        },
        {
            "Price": 15.76,
            "ProductID": "20_3"
        }
    ],
    "StoreID": 2
}