{
    "PriceDate": "2018-06-26 00:00:00",
    "PriceUpdates": [
        {
            "Price": 15.01,
            "ProductID": "1_1"
        },
        {
            "Price": 14.52,
            "ProductID": "1_2"
        },
        {
            "Price": 18.28,
            "ProductID": "1_3"
        },
        {
            "Price": 11.74,
            "ProductID": "2_1"
        },
        {
            "Price": 16.65,
            "ProductID": "2_2"
        },
        {
            "Price": 18.79,
            "ProductID": "2_3"
        },
        {
            "Price": 9.34,
            "ProductID": "3_1"
        },
        {
            "Price": 16.03,
            "ProductID": "3_2"
        },
        {
            "Price": 17.36,
            "ProductID": "3_3"
        },
        {
            "Price": 13.48,
            "ProductID": "4_1"
        },
        {
            "Price": 9.98,
            "ProductID": "4_2"
        },
        {
            "Price": 21.16,
            "ProductID": "4_3"
        },
        {
            "Price": 21.53,
            "ProductID": "5_1"
        },
        {
            "Price": 11.97,
            "ProductID": "5_2"
        },
        {
            "Price": 13.63,
            "ProductID": "5_3"
        },
        {
            "Price": 11.77,
            "ProductID": "6_1"
        },
        {
            "Price": 20.98,
            "ProductID": "6_2"
        },
        {
            "Price": 14.08,
            "ProductID": "6_3"
        },
        {
            "Price": 21.47,
            "ProductID": "7_1"
        },
        {
            "Price": 18.35,
            "ProductID": "7_2"
        },
        {
            "Price": 11.98,
            "ProductID": "7_3"
        },
        {
            "Price": 8.28,
            "ProductID": "8_1"
        },
        {
            "Price": 25.19,
            "ProductID": "8_2"
        },
        {
            "Price": 19.65,
            "ProductID": "8_3"
        },
        {
            "Price": 8.4,
            "ProductID": "9_1"
        },
        {
            "Price": 9.41,
            "ProductID": "9_2"
        },
        {
            "Price": 14.75,
            "ProductID": "9_3"
        },
        {
            "Price": 17.42,
            "ProductID": "10_1"
        },
        {
            "Price": 14.39,
            "ProductID": "10_2"
        },
        {
            "Price": 9.16,
            "ProductID": "10_3"
        },
        {
            "Price": 9.76,
            "ProductID": "11_1"
        },
        {
            "Price": 20.01,
            "ProductID": "11_2"
        },
        {
            "Price": 18.18,
            "ProductID": "11_3"
        },
        {
            "Price": 12.19,
            "ProductID": "12_1"
        },
        {
            "Price": 15.76,
            "ProductID": "12_2"
        },
        {
            "Price": 11.4,
            "ProductID": "12_3"
        },
        {
            "Price": 11.22,
            "ProductID": "13_1"
        },
        {
            "Price": 12.7,
            "ProductID": "13_2"
        },
        {
            "Price": 17.63,
            "ProductID": "13_3"
        },
        {
            "Price": 15.53,
            "ProductID": "14_1"
        },
        {
            "Price": 19.35,
            "ProductID": "14_2"
        },
        {
            "Price": 18.63,
            "ProductID": "14_3"
        },
        {
            "Price": 15.25,
            "ProductID": "15_1"
        },
        {
            "Price": 13.62,
            "ProductID": "15_2"
        },
        {
            "Price": 16.02,
            "ProductID": "15_3"
        },
        {
            "Price": 23.34,
            "ProductID": "16_1"
        },
        {
            "Price": 22.43,
            "ProductID": "16_2"
        },
        {
            "Price": 8.64,
            "ProductID": "16_3"
        },
        {
            "Price": 11.96,
            "ProductID": "17_1"
        },
        {
            "Price": 17.0,
            "ProductID": "17_2"
        },
        {
            "Price": 18.32,
            "ProductID": "17_3"
        },
        {
            "Price": 15.18,
            "ProductID": "18_1"
        },
        {
            "Price": 12.59,
            "ProductID": "18_2"
        },
        {
            "Price": 13.1,
            "ProductID": "18_3"
        },
        {
            "Price": 6.66,
            "ProductID": "19_1"
        },
        {
            "Price": 9.52,
            "ProductID": "19_2"
        },
        {
            "Price": 20.13,
            "ProductID": "19_3"
        },
        {
            "Price": 11.69,
            "ProductID": "20_1"
        },
        {
            "Price": 20.1,
            "ProductID": "20_2"
        },
        {
            "Price": 17.52,
            "ProductID": "20_3"
        }
    ],
    "StoreID": 3
}