{
    "PriceDate": "2018-04-03 00:00:00",
    "PriceUpdates": [
        {
            "Price": 14.68,
            "ProductID": "1_1"
        },
        {
            "Price": 21.64,
            "ProductID": "1_2"
        },
        {
            "Price": 18.58,
            "ProductID": "1_3"
        },
        {
            "Price": 12.92,
            "ProductID": "2_1"
        },
        {
            "Price": 17.01,
            "ProductID": "2_2"
        },
        {
            "Price": 15.61,
            "ProductID": "2_3"
        },
        {
            "Price": 13.91,
            "ProductID": "3_1"
        },
        {
            "Price": 10.52,
            "ProductID": "3_2"
        },
        {
            "Price": 17.22,
            "ProductID": "3_3"
        },
        {
            "Price": 13.67,
            "ProductID": "4_1"
        },
        {
            "Price": 7.63,
            "ProductID": "4_2"
        },
        {
            "Price": 21.99,
            "ProductID": "4_3"
        },
        {
            "Price": 20.94,
            "ProductID": "5_1"
        },
        {
            "Price": 16.62,
            "ProductID": "5_2"
        },
        {
            "Price": 7.06,
            "ProductID": "5_3"
        },
        {
            "Price": 11.65,
            "ProductID": "6_1"
        },
        {
            "Price": 18.33,
            "ProductID": "6_2"
        },
        {
            "Price": 14.54,
            "ProductID": "6_3"
        },
        {
            "Price": 22.67,
            "ProductID": "7_1"
        },
        {
            "Price": 11.55,
            "ProductID": "7_2"
        },
        {
            "Price": 12.51,
            "ProductID": "7_3"
        },
        {
            "Price": 8.95,
            "ProductID": "8_1"
        },
        {
            "Price": 21.83,
            "ProductID": "8_2"
        },
        {
            "Price": 14.65,
            "ProductID": "8_3"
        },
        {
            "Price": 8.75,
            "ProductID": "9_1"
        },
        {
            "Price": 12.79,
            "ProductID": "9_2"
        },
        {
            "Price": 22.01,
            "ProductID": "9_3"
        },
        {
            "Price": 16.61,
            "ProductID": "10_1"
        },
        {
            "Price": 15.0,
            "ProductID": "10_2"
        },
        {
            "Price": 12.44,
            "ProductID": "10_3"
        },
        {
            "Price": 18.29,
            "ProductID": "11_1"
        },
        {
            "Price": 16.99,
            "ProductID": "11_2"
        },
        {
            "Price": 11.13,
            "ProductID": "11_3"
        },
        {
            "Price": 19.18,
            "ProductID": "12_1"
        },
        {
            "Price": 16.71,
            "ProductID": "12_2"
        },
        {
            "Price": 9.38,
            "ProductID": "12_3"
        },
        {
            "Price": 20.47,
            "ProductID": "13_1"
        },
        {
            "Price": 13.13,
            "ProductID": "13_2"
        },
        {
            "Price": 14.98,
            "ProductID": "13_3"
        },
        {
            "Price": 12.1,
            "ProductID": "14_1"
        },
        {
            "Price": 20.81,
            "ProductID": "14_2"
        },
        {
            "Price": 12.3,
            "ProductID": "14_3"
        },
        {
            "Price": 16.57,
            "ProductID": "15_1"
        },
        {
            "Price": 16.1,
            "ProductID": "15_2"
        },
        {
            "Price": 17.23,
            "ProductID": "15_3"
        },
        {
            "Price": 16.02,
            "ProductID": "16_1"
        },
        {
            "Price": 20.54,
            "ProductID": "16_2"
        },
        {
            "Price": 14.24,
            "ProductID": "16_3"
        },
        {
            "Price": 14.34,
            "ProductID": "17_1"
        },
        {
            "Price": 15.31,
            "ProductID": "17_2"
        },
        {
            "Price": 14.59,
            "ProductID": "17_3"
        },
        {
            "Price": 12.5,
            "ProductID": "18_1"
        },
        {
            "Price": 16.38,
            "ProductID": "18_2"
        },
        {
            "Price": 12.03,
            "ProductID": "18_3"
        },
        {
            "Price": 6.88,
            "ProductID": "19_1"
        },
        {
            "Price": 16.04,
            "ProductID": "19_2"
        },
        {
            "Price": 16.71,
            "ProductID": "19_3"
        },
        {
            "Price": 8.43,
            "ProductID": "20_1"
        },
        {
            "Price": 15.0,
            "ProductID": "20_2"
        },
        {
            "Price": 23.82,
            "ProductID": "20_3"
        }
    ],
    "StoreID": 2
}