{
    "PriceDate": "2018-04-03 00:00:00",
    "PriceUpdates": [
        {
            "Price": 16.88,
            "ProductID": "1_1"
        },
        {
            "Price": 14.0,
            "ProductID": "1_2"
        },
        {
            "Price": 18.61,
            "ProductID": "1_3"
        },
        {
            "Price": 18.03,
            "ProductID": "2_1"
        },
        {
            "Price": 18.75,
            "ProductID": "2_2"
        },
        {
            "Price": 20.46,
            "ProductID": "2_3"
        },
        {
            "Price": 13.8,
            "ProductID": "3_1"
        },
        {
            "Price": 20.75,
            "ProductID": "3_2"
        },
        {
            "Price": 12.15,
            "ProductID": "3_3"
        },
        {
            "Price": 20.7,
            "ProductID": "4_1"
        },
        {
            "Price": 14.25,
            "ProductID": "4_2"
        },
        {
            "Price": 22.09,
            "ProductID": "4_3"
        },
        {
            "Price": 13.7,
            "ProductID": "5_1"
        },
        {
            "Price": 12.37,
            "ProductID": "5_2"
        },
        {
            "Price": 10.44,
            "ProductID": "5_3"
        },
        {
            "Price": 11.98,
            "ProductID": "6_1"
        },
        {
            "Price": 25.47,
            "ProductID": "6_2"
        },
        {
            "Price": 15.43,
            "ProductID": "6_3"
        },
        {
            "Price": 22.76,
            "ProductID": "7_1"
        },
        {
            "Price": 19.0,
            "ProductID": "7_2"
        },
        {
            "Price": 13.58,
            "ProductID": "7_3"
        },
        {
            "Price": 12.77,
            "ProductID": "8_1"
        },
        {
            "Price": 21.99,
            "ProductID": "8_2"
        },
        {
            "Price": 17.85,
            "ProductID": "8_3"
        },
        {
            "Price": 10.66,
            "ProductID": "9_1"
        },
        {
            "Price": 13.13,
            "ProductID": "9_2"
        },
        {
            "Price": 11.58,
            "ProductID": "9_3"
        },
        {
            "Price": 17.55,
            "ProductID": "10_1"
        },
        {
            "Price": 13.43,
            "ProductID": "10_2"
        },
        {
            "Price": 23.66,
            "ProductID": "10_3"
        },
        {
            "Price": 13.39,
            "ProductID": "11_1"
        },
        {
            "Price": 12.64,
            "ProductID": "11_2"
        },
        {
            "Price": 14.63,
            "ProductID": "11_3"
        },
        {
            "Price": 13.92,
            "ProductID": "12_1"
        },
        {
            "Price": 17.85,
            "ProductID": "12_2"
        },
        {
            "Price": 7.58,
            "ProductID": "12_3"
        },
        {
            "Price": 11.53,
            "ProductID": "13_1"
        },
        {
            "Price": 22.42,
            "ProductID": "13_2"
        },
        {
            "Price": 16.14,
            "ProductID": "13_3"
        },
        {
            "Price": 17.92,
            "ProductID": "14_1"
        },
        {
            "Price": 14.39,
            "ProductID": "14_2"
        },
        {
            "Price": 19.74,
            "ProductID": "14_3"
        },
        {
            "Price": 14.95,
            "ProductID": "15_1"
        },
        {
            "Price": 15.24,
            "ProductID": "15_2"
        },
        {
            "Price": 21.84,
            "ProductID": "15_3"
        },
        {
            "Price": 22.57,
            "ProductID": "16_1"
        },
        {
            "Price": 21.02,
            "ProductID": "16_2"
        },
        {
            "Price": 14.85,
            "ProductID": "16_3"
        },
        {
            "Price": 15.37,
            "ProductID": "17_1"
        },
        {
            "Price": 13.18,
            "ProductID": "17_2"
        },
        {
            "Price": 11.11,
            "ProductID": "17_3"
        },
        {
            "Price": 15.12,
            "ProductID": "18_1"
        },
        {
            "Price": 19.97,
            "ProductID": "18_2"
        },
        {
            "Price": 7.73,
            "ProductID": "18_3"
        },
        {
            "Price": 6.61,
            "ProductID": "19_1"
        },
        {
            "Price": 16.84,
            "ProductID": "19_2"
        },
        {
            "Price": 18.25,
            "ProductID": "19_3"
        },
        {
            "Price": 8.04,
            "ProductID": "20_1"
        },
        {
            "Price": 17.86,
            "ProductID": "20_2"
        },
        {
            "Price": 25.11,
            "ProductID": "20_3"
        }
    ],
    "StoreID": 1
}