{
    "PriceDate": "2018-02-13 00:00:00",
    "PriceUpdates": [
        {
            "Price": 13.05,
            "ProductID": "1_1"
        },
        {
            "Price": 20.81,
            "ProductID": "1_2"
        },
        {
            "Price": 19.24,
            "ProductID": "1_3"
        },
        {
            "Price": 8.01,
            "ProductID": "2_1"
        },
        {
            "Price": 15.41,
            "ProductID": "2_2"
        },
        {
            "Price": 22.74,
            "ProductID": "2_3"
        },
        {
            "Price": 16.71,
            "ProductID": "3_1"
        },
        {
            "Price": 10.19,
            "ProductID": "3_2"
        },
        {
            "Price": 15.23,
            "ProductID": "3_3"
        },
        {
            "Price": 15.4,
            "ProductID": "4_1"
        },
        {
            "Price": 8.61,
            "ProductID": "4_2"
        },
        {
            "Price": 20.54,
            "ProductID": "4_3"
        },
        {
            "Price": 22.86,
            "ProductID": "5_1"
        },
        {
            "Price": 12.25,
            "ProductID": "5_2"
        },
        {
            "Price": 12.43,
            "ProductID": "5_3"
        },
        {
            "Price": 12.97,
            "ProductID": "6_1"
        },
        {
            "Price": 17.01,
            "ProductID": "6_2"
        },
        {
            "Price": 10.21,
            "ProductID": "6_3"
        },
        {
            "Price": 18.38,
            "ProductID": "7_1"
        },
        {
            "Price": 11.9,
            "ProductID": "7_2"
        },
        {
            "Price": 11.25,
            "ProductID": "7_3"
        },
        {
            "Price": 13.77,
            "ProductID": "8_1"
        },
        {
            "Price": 16.27,
            "ProductID": "8_2"
        },
        {
            "Price": 16.86,
            "ProductID": "8_3"
        },
        {
            "Price": 9.66,
            "ProductID": "9_1"
        },
        {
            "Price": 14.05,
            "ProductID": "9_2"
        },
        {
            "Price": 15.01,
            "ProductID": "9_3"
        },
        {
            "Price": 15.42,
            "ProductID": "10_1"
        },
        {
            "Price": 13.82,
            "ProductID": "10_2"
        },
        {
            "Price": 18.02,
            "ProductID": "10_3"
        },
        {
            "Price": 20.34,
            "ProductID": "11_1"
        },
        {
            "Price": 20.32,
            "ProductID": "11_2"
        },
        {
            "Price": 12.75,
            "ProductID": "11_3"
        },
        {
            "Price": 12.64,
            "ProductID": "12_1"
        },
        {
            "Price": 14.89,
            "ProductID": "12_2"
        },
        {
            "Price": 4.0,
            "ProductID": "12_3"
        },
        {
            "Price": 7.74,
            "ProductID": "13_1"
        },
        {
            "Price": 18.92,
            "ProductID": "13_2"
        },
        {
            "Price": 7.27,
            "ProductID": "13_3"
        },
        {
            "Price": 14.74,
            "ProductID": "14_1"
        },
        {
            "Price": 14.64,
            "ProductID": "14_2"
        },
        {
            "Price": 26.32,
            "ProductID": "14_3"
        },
        {
            "Price": 11.69,
            "ProductID": "15_1"
        },
        {
            "Price": 13.43,
            "ProductID": "15_2"
        },
        {
            "Price": 23.02,
            "ProductID": "15_3"
        },
        {
            "Price": 15.39,
            "ProductID": "16_1"
        },
        {
            "Price": 22.03,
            "ProductID": "16_2"
        },
        {
            "Price": 12.97,
            "ProductID": "16_3"
        },
        {
            "Price": 9.43,
            "ProductID": "17_1"
        },
        {
            "Price": 16.46,
            "ProductID": "17_2"
        },
        {
            "Price": 16.1,
            "ProductID": "17_3"
        },
        {
            "Price": 16.25,
            "ProductID": "18_1"
        },
        {
            "Price": 11.5,
            "ProductID": "18_2"
        },
        {
            "Price": 10.11,
            "ProductID": "18_3"
        },
        {
            "Price": 7.34,
            "ProductID": "19_1"
        },
        {
            "Price": 9.35,
            "ProductID": "19_2"
        },
        {
            "Price": 17.85,
            "ProductID": "19_3"
        },
        {
            "Price": 13.37,
            "ProductID": "20_1"
        },
        {
            "Price": 17.48,
            "ProductID": "20_2"
        },
        {
            "Price": 19.08,
            "ProductID": "20_3"
        }
    ],
    "StoreID": 3
}