{
    "PriceDate": "2018-03-06 00:00:00",
    "PriceUpdates": [
        {
            "Price": 17.13,
            "ProductID": "1_1"
        },
        {
            "Price": 10.58,
            "ProductID": "1_2"
        },
        {
            "Price": 18.68,
            "ProductID": "1_3"
        },
        {
            "Price": 16.75,
            "ProductID": "2_1"
        },
        {
            "Price": 12.87,
            "ProductID": "2_2"
        },
        {
            "Price": 20.78,
            "ProductID": "2_3"
        },
        {
            "Price": 16.26,
            "ProductID": "3_1"
        },
        {
            "Price": 16.91,
            "ProductID": "3_2"
        },
        {
            "Price": 12.9,
            "ProductID": "3_3"
        },
        {
            "Price": 19.7,
            "ProductID": "4_1"
        },
        {
            "Price": 10.53,
            "ProductID": "4_2"
        },
        {
            "Price": 16.16,
            "ProductID": "4_3"
        },
        {
            "Price": 18.5,
            "ProductID": "5_1"
        },
        {
            "Price": 10.0,
            "ProductID": "5_2"
        },
        {
            "Price": 6.54,
            "ProductID": "5_3"
        },
        {
            "Price": 12.49,
            "ProductID": "6_1"
        },
        {
            "Price": 19.63,
            "ProductID": "6_2"
        },
        {
            "Price": 17.07,
            "ProductID": "6_3"
        },
        {
            "Price": 21.4,
            "ProductID": "7_1"
        },
        {
            "Price": 15.7,
            "ProductID": "7_2"
        },
        {
            "Price": 13.44,
            "ProductID": "7_3"
        },
        {
            "Price": 7.44,
            "ProductID": "8_1"
        },
        {
            "Price": 22.2,
            "ProductID": "8_2"
        },
        {
            "Price": 14.96,
            "ProductID": "8_3"
        },
        {
            "Price": 6.84,
            "ProductID": "9_1"
        },
        {
            "Price": 11.08,
            "ProductID": "9_2"
        },
        {
            "Price": 12.13,
            "ProductID": "9_3"
        },
        {
            "Price": 15.13,
            "ProductID": "10_1"
        },
        {
            "Price": 12.11,
            "ProductID": "10_2"
        },
        {
            "Price": 8.13,
            "ProductID": "10_3"
        },
        {
            "Price": 11.51,
            "ProductID": "11_1"
        },
        {
            "Price": 12.93,
            "ProductID": "11_2"
        },
        {
            "Price": 16.43,
            "ProductID": "11_3"
        },
        {
            "Price": 19.45,
            "ProductID": "12_1"
        },
        {
            "Price": 15.88,
            "ProductID": "12_2"
        },
        {
            "Price": 7.12,
            "ProductID": "12_3"
        },
        {
            "Price": 20.54,
            "ProductID": "13_1"
        },
        {
            "Price": 22.57,
            "ProductID": "13_2"
        },
        {
            "Price": 9.57,
            "ProductID": "13_3"
        },
        {
            "Price": 18.15,
            "ProductID": "14_1"
        },
        {
            "Price": 12.89,
            "ProductID": "14_2"
        },
        {
            "Price": 10.02,
            "ProductID": "14_3"
        },
        {
            "Price": 12.3,
            "ProductID": "15_1"
        },
        {
            "Price": 12.76,
            "ProductID": "15_2"
        },
        {
            "Price": 19.13,
            "ProductID": "15_3"
        },
        {
            "Price": 12.65,
            "ProductID": "16_1"
        },
        {
            "Price": 13.51,
            "ProductID": "16_2"
        },
        {
            "Price": 14.91,
            "ProductID": "16_3"
        },
        {
            "Price": 12.82,
            "ProductID": "17_1"
        },
        {
            "Price": 16.38,
            "ProductID": "17_2"
        },
        {
            "Price": 12.72,
            "ProductID": "17_3"
        },
        {
            "Price": 12.99,
            "ProductID": "18_1"
        },
        {
            "Price": 14.35,
            "ProductID": "18_2"
        },
        {
            "Price": 8.42,
            "ProductID": "18_3"
        },
        {
            "Price": 6.82,
            "ProductID": "19_1"
        },
        {
            "Price": 12.27,
            "ProductID": "19_2"
        },
        {
            "Price": 19.25,
            "ProductID": "19_3"
        },
        {
            "Price": 14.71,
            "ProductID": "20_1"
        },
        {
            "Price": 19.28,
            "ProductID": "20_2"
        },
        {
            "Price": 26.81,
            "ProductID": "20_3"
        }
    ],
    "StoreID": 6
}