{
    "PriceDate": "2018-05-29 00:00:00",
    "PriceUpdates": [
        {
            "Price": 15.65,
            "ProductID": "1_1"
        },
        {
            "Price": 17.66,
            "ProductID": "1_2"
        },
        {
            "Price": 19.58,
            "ProductID": "1_3"
        },
        {
            "Price": 18.47,
            "ProductID": "2_1"
        },
        {
            "Price": 15.97,
            "ProductID": "2_2"
        },
        {
            "Price": 16.34,
            "ProductID": "2_3"
        },
        {
            "Price": 12.68,
            "ProductID": "3_1"
        },
        {
            "Price": 20.82,
            "ProductID": "3_2"
        },
        {
            "Price": 12.11,
            "ProductID": "3_3"
        },
        {
            "Price": 17.91,
            "ProductID": "4_1"
        },
        {
            "Price": 11.7,
            "ProductID": "4_2"
        },
        {
            "Price": 17.7,
            "ProductID": "4_3"
        },
        {
            "Price": 16.34,
            "ProductID": "5_1"
        },
        {
            "Price": 16.43,
            "ProductID": "5_2"
        },
        {
            "Price": 8.08,
            "ProductID": "5_3"
        },
        {
            "Price": 11.92,
            "ProductID": "6_1"
        },
        {
            "Price": 18.09,
            "ProductID": "6_2"
        },
        {
            "Price": 17.11,
            "ProductID": "6_3"
        },
        {
            "Price": 19.51,
            "ProductID": "7_1"
        },
        {
            "Price": 12.42,
            "ProductID": "7_2"
        },
        {
            "Price": 15.94,
            "ProductID": "7_3"
        },
        {
            "Price": 16.15,
            "ProductID": "8_1"
        },
        {
            "Price": 21.73,
            "ProductID": "8_2"
        },
        {
            "Price": 17.08,
            "ProductID": "8_3"
        },
        {
            "Price": 7.56,
            "ProductID": "9_1"
        },
        {
            "Price": 10.45,
            "ProductID": "9_2"
        },
        {
            "Price": 15.96,
            "ProductID": "9_3"
        },
        {
            "Price": 18.31,
            "ProductID": "10_1"
        },
        {
            "Price": 14.55,
            "ProductID": "10_2"
        },
        {
            "Price": 19.28,
            "ProductID": "10_3"
        },
        {
            "Price": 17.77,
            "ProductID": "11_1"
        },
        {
            "Price": 16.76,
            "ProductID": "11_2"
        },
        {
            "Price": 17.02,
            "ProductID": "11_3"
        },
        {
            "Price": 16.31,
            "ProductID": "12_1"
        },
        {
            "Price": 18.73,
            "ProductID": "12_2"
        },
        {
            "Price": 4.59,
            "ProductID": "12_3"
        },
        {
            "Price": 11.4,
            "ProductID": "13_1"
        },
        {
            "Price": 22.02,
            "ProductID": "13_2"
        },
        {
            "Price": 17.31,
            "ProductID": "13_3"
        },
        {
            "Price": 12.43,
            "ProductID": "14_1"
        },
        {
            "Price": 16.82,
            "ProductID": "14_2"
        },
        {
            "Price": 19.94,
            "ProductID": "14_3"
        },
        {
            "Price": 14.59,
            "ProductID": "15_1"
        },
        {
            "Price": 9.66,
            "ProductID": "15_2"
        },
        {
            "Price": 16.42,
            "ProductID": "15_3"
        },
        {
            "Price": 23.86,
            "ProductID": "16_1"
        },
        {
            "Price": 18.54,
            "ProductID": "16_2"
        },
        {
            "Price": 13.21,
            "ProductID": "16_3"
        },
        {
            "Price": 12.82,
            "ProductID": "17_1"
        },
        {
            "Price": 16.37,
            "ProductID": "17_2"
        },
        {
            "Price": 18.14,
            "ProductID": "17_3"
        },
        {
            "Price": 14.29,
            "ProductID": "18_1"
        },
        {
            "Price": 16.74,
            "ProductID": "18_2"
        },
        {
            "Price": 10.09,
            "ProductID": "18_3"
        },
        {
            "Price": 7.16,
            "ProductID": "19_1"
        },
        {
            "Price": 15.19,
            "ProductID": "19_2"
        },
        {
            "Price": 19.3,
            "ProductID": "19_3"
        },
        {
            "Price": 10.93,
            "ProductID": "20_1"
        },
        {
            "Price": 11.92,
            "ProductID": "20_2"
        },
        {
            "Price": 24.81,
            "ProductID": "20_3"
        }
    ],
    "StoreID": 3
}