{
    "PriceDate": "2018-02-13 00:00:00",
    "PriceUpdates": [
        {
            "Price": 16.15,
            "ProductID": "1_1"
        },
        {
            "Price": 17.33,
            "ProductID": "1_2"
        },
        {
            "Price": 19.62,
            "ProductID": "1_3"
        },
        {
            "Price": 7.87,
            "ProductID": "2_1"
        },
        {
            "Price": 13.13,
            "ProductID": "2_2"
        },
        {
            "Price": 13.84,
            "ProductID": "2_3"
        },
        {
            "Price": 12.36,
            "ProductID": "3_1"
        },
        {
            "Price": 17.29,
            "ProductID": "3_2"
        },
        {
            "Price": 17.24,
            "ProductID": "3_3"
        },
        {
            "Price": 12.69,
            "ProductID": "4_1"
        },
        {
            "Price": 10.96,
            "ProductID": "4_2"
        },
        {
            "Price": 20.54,
            "ProductID": "4_3"
        },
        {
            "Price": 13.56,
            "ProductID": "5_1"
        },
        {
            "Price": 15.87,
            "ProductID": "5_2"
        },
        {
            "Price": 10.77,
            "ProductID": "5_3"
        },
        {
            "Price": 12.63,
            "ProductID": "6_1"
        },
        {
            "Price": 22.29,
            "ProductID": "6_2"
        },
        {
            "Price": 16.56,
            "ProductID": "6_3"
        },
        {
            "Price": 20.09,
            "ProductID": "7_1"
        },
        {
            "Price": 13.06,
            "ProductID": "7_2"
        },
        {
            "Price": 13.17,
            "ProductID": "7_3"
        },
        {
            "Price": 11.2,
            "ProductID": "8_1"
        },
        {
            "Price": 18.23,
            "ProductID": "8_2"
        },
        {
            "Price": 13.61,
            "ProductID": "8_3"
        },
        {
            "Price": 8.64,
            "ProductID": "9_1"
        },
        {
            "Price": 13.41,
            "ProductID": "9_2"
        },
        {
            "Price": 14.98,
            "ProductID": "9_3"
        },
        {
            "Price": 18.57,
            "ProductID": "10_1"
        },
        {
            "Price": 16.04,
            "ProductID": "10_2"
        },
        {
            "Price": 11.56,
            "ProductID": "10_3"
        },
        {
            "Price": 11.18,
            "ProductID": "11_1"
        },
        {
            "Price": 12.91,
            "ProductID": "11_2"
        },
        {
            "Price": 12.78,
            "ProductID": "11_3"
        },
        {
            "Price": 17.01,
            "ProductID": "12_1"
        },
        {
            "Price": 17.79,
            "ProductID": "12_2"
        },
        {
            "Price": 10.49,
            "ProductID": "12_3"
        },
        {
            "Price": 18.36,
            "ProductID": "13_1"
        },
        {
            "Price": 13.55,
            "ProductID": "13_2"
        },
        {
            "Price": 10.09,
            "ProductID": "13_3"
        },
        {
            "Price": 14.4,
            "ProductID": "14_1"
        },
        {
            "Price": 19.7,
            "ProductID": "14_2"
        },
        {
            "Price": 13.56,
            "ProductID": "14_3"
        },
        {
            "Price": 16.18,
            "ProductID": "15_1"
        },
        {
            "Price": 12.0,
            "ProductID": "15_2"
        },
        {
            "Price": 21.36,
            "ProductID": "15_3"
        },
        {
            "Price": 16.14,
            "ProductID": "16_1"
        },
        {
            "Price": 7.87,
            "ProductID": "16_2"
        },
        {
            "Price": 8.43,
            "ProductID": "16_3"
        },
        {
            "Price": 13.53,
            "ProductID": "17_1"
        },
        {
            "Price": 18.03,
            "ProductID": "17_2"
        },
        {
            "Price": 11.23,
            "ProductID": "17_3"
        },
        {
            "Price": 11.65,
            "ProductID": "18_1"
        },
        {
            "Price": 17.77,
            "ProductID": "18_2"
        },
        {
            "Price": 14.24,
            "ProductID": "18_3"
        },
        {
            "Price": 6.41,
            "ProductID": "19_1"
        },
        {
            "Price": 8.77,
            "ProductID": "19_2"
        },
        {
            "Price": 22.63,
            "ProductID": "19_3"
        },
        {
            "Price": 15.39,
            "ProductID": "20_1"
        },
        {
            "Price": 13.72,
            "ProductID": "20_2"
        },
        {
            "Price": 13.1,
            "ProductID": "20_3"
        }
    ],
    "StoreID": 1
}