{
    "PriceDate": "2018-04-24 00:00:00",
    "PriceUpdates": [
        {
            "Price": 13.37,
            "ProductID": "1_1"
        },
        {
            "Price": 20.43,
            "ProductID": "1_2"
        },
        {
            "Price": 18.54,
            "ProductID": "1_3"
        },
        {
            "Price": 11.23,
            "ProductID": "2_1"
        },
        {
            "Price": 11.4,
            "ProductID": "2_2"
        },
        {
            "Price": 20.83,
            "ProductID": "2_3"
        },
        {
            "Price": 14.96,
            "ProductID": "3_1"
        },
        {
            "Price": 9.65,
            "ProductID": "3_2"
        },
        {
            "Price": 12.05,
            "ProductID": "3_3"
        },
        {
            "Price": 18.09,
            "ProductID": "4_1"
        },
        {
            "Price": 11.99,
            "ProductID": "4_2"
        },
        {
            "Price": 20.54,
            "ProductID": "4_3"
        },
        {
            "Price": 21.87,
            "ProductID": "5_1"
        },
        {
            "Price": 11.5,
            "ProductID": "5_2"
        },
        {
            "Price": 10.02,
            "ProductID": "5_3"
        },
        {
            "Price": 12.25,
            "ProductID": "6_1"
        },
        {
            "Price": 15.47,
            "ProductID": "6_2"
        },
        {
            "Price": 9.43,
            "ProductID": "6_3"
        },
        {
            "Price": 22.26,
            "ProductID": "7_1"
        },
        {
            "Price": 16.04,
            "ProductID": "7_2"
        },
        {
            "Price": 14.85,
            "ProductID": "7_3"
        },
        {
            "Price": 6.83,
            "ProductID": "8_1"
        },
        {
            "Price": 17.2,
            "ProductID": "8_2"
        },
        {
            "Price": 11.52,
            "ProductID": "8_3"
        },
        {
            "Price": 10.19,
            "ProductID": "9_1"
        },
        {
            "Price": 9.94,
            "ProductID": "9_2"
        },
        {
            "Price": 13.12,
            "ProductID": "9_3"
        },
        {
            "Price": 18.3,
            "ProductID": "10_1"
        },
        {
            "Price": 13.62,
            "ProductID": "10_2"
        },
        {
            "Price": 18.53,
            "ProductID": "10_3"
        },
        {
            "Price": 18.0,
            "ProductID": "11_1"
        },
        {
            "Price": 15.02,
            "ProductID": "11_2"
        },
        {
            "Price": 15.2,
            "ProductID": "11_3"
        },
        {
            "Price": 20.38,
            "ProductID": "12_1"
        },
        {
            "Price": 16.44,
            "ProductID": "12_2"
        },
        {
            "Price": 12.88,
            "ProductID": "12_3"
        },
        {
            "Price": 16.11,
            "ProductID": "13_1"
        },
        {
            "Price": 12.46,
            "ProductID": "13_2"
        },
        {
            "Price": 14.94,
            "ProductID": "13_3"
        },
        {
            "Price": 18.05,
            "ProductID": "14_1"
        },
        {
            "Price": 19.41,
            "ProductID": "14_2"
        },
        {
            "Price": 12.46,
            "ProductID": "14_3"
        },
        {
            "Price": 16.84,
            "ProductID": "15_1"
        },
        {
            "Price": 14.93,
            "ProductID": "15_2"
        },
        {
            "Price": 21.54,
            "ProductID": "15_3"
        },
        {
            "Price": 20.66,
            "ProductID": "16_1"
        },
        {
            "Price": 24.62,
            "ProductID": "16_2"
        },
        {
            "Price": 6.31,
            "ProductID": "16_3"
        },
        {
            "Price": 13.95,
            "ProductID": "17_1"
        },
        {
            "Price": 18.89,
            "ProductID": "17_2"
        },
        {
            "Price": 17.17,
            "ProductID": "17_3"
        },
        {
            "Price": 12.61,
            "ProductID": "18_1"
        },
        {
            "Price": 17.57,
            "ProductID": "18_2"
        },
        {
            "Price": 8.1,
            "ProductID": "18_3"
        },
        {
            "Price": 6.74,
            "ProductID": "19_1"
        },
        {
            "Price": 16.71,
            "ProductID": "19_2"
        },
        {
            "Price": 17.14,
            "ProductID": "19_3"
        },
        {
            "Price": 13.26,
            "ProductID": "20_1"
        },
        {
            "Price": 13.97,
            "ProductID": "20_2"
        },
        {
            "Price": 27.16,
            "ProductID": "20_3"
        }
    ],
    "StoreID": 3
}