{
    "PriceDate": "2018-02-20 00:00:00",
    "PriceUpdates": [
        {
            "Price": 17.61,
            "ProductID": "1_1"
        },
        {
            "Price": 17.13,
            "ProductID": "1_2"
        },
        {
            "Price": 19.67,
            "ProductID": "1_3"
        },
        {
            "Price": 17.77,
            "ProductID": "2_1"
        },
        {
            "Price": 18.8,
            "ProductID": "2_2"
        },
        {
            "Price": 13.16,
            "ProductID": "2_3"
        },
        {
            "Price": 9.93,
            "ProductID": "3_1"
        },
        {
            "Price": 17.3,
            "ProductID": "3_2"
        },
        {
            "Price": 15.49,
            "ProductID": "3_3"
        },
        {
            "Price": 15.95,
            "ProductID": "4_1"
        },
        {
            "Price": 11.22,
            "ProductID": "4_2"
        },
        {
            "Price": 18.33,
            "ProductID": "4_3"
        },
        {
            "Price": 20.1,
            "ProductID": "5_1"
        },
        {
            "Price": 16.03,
            "ProductID": "5_2"
        },
        {
            "Price": 11.65,
            "ProductID": "5_3"
        },
        {
            "Price": 12.89,
            "ProductID": "6_1"
        },
        {
            "Price": 23.41,
            "ProductID": "6_2"
        },
        {
            "Price": 10.38,
            "ProductID": "6_3"
        },
        {
            "Price": 16.89,
            "ProductID": "7_1"
        },
        {
            "Price": 16.22,
            "ProductID": "7_2"
        },
        {
            "Price": 12.03,
            "ProductID": "7_3"
        },
        {
            "Price": 10.55,
            "ProductID": "8_1"
        },
        {
            "Price": 17.16,
            "ProductID": "8_2"
        },
        {
            "Price": 7.99,
            "ProductID": "8_3"
        },
        {
            "Price": 8.25,
            "ProductID": "9_1"
        },
        {
            "Price": 12.98,
            "ProductID": "9_2"
        },
        {
            "Price": 17.07,
            "ProductID": "9_3"
        },
        {
            "Price": 17.78,
            "ProductID": "10_1"
        },
        {
            "Price": 9.79,
            "ProductID": "10_2"
        },
        {
            "Price": 21.31,
            "ProductID": "10_3"
        },
        {
            "Price": 18.4,
            "ProductID": "11_1"
        },
        {
            "Price": 17.58,
            "ProductID": "11_2"
        },
        {
            "Price": 16.44,
            "ProductID": "11_3"
        },
        {
            "Price": 20.72,
            "ProductID": "12_1"
        },
        {
            "Price": 14.76,
            "ProductID": "12_2"
        },
        {
            "Price": 3.91,
            "ProductID": "12_3"
        },
        {
            "Price": 14.53,
            "ProductID": "13_1"
        },
        {
            "Price": 20.34,
            "ProductID": "13_2"
        },
        {
            "Price": 11.84,
            "ProductID": "13_3"
        },
        {
            "Price": 15.18,
            "ProductID": "14_1"
        },
        {
            "Price": 16.1,
            "ProductID": "14_2"
        },
        {
            "Price": 18.7,
            "ProductID": "14_3"
        },
        {
            "Price": 15.96,
            "ProductID": "15_1"
        },
        {
            "Price": 10.22,
            "ProductID": "15_2"
        },
        {
            "Price": 21.31,
            "ProductID": "15_3"
        },
        {
            "Price": 20.31,
            "ProductID": "16_1"
        },
        {
            "Price": 24.14,
            "ProductID": "16_2"
        },
        {
            "Price": 15.59,
            "ProductID": "16_3"
        },
        {
            "Price": 9.45,
            "ProductID": "17_1"
        },
        {
            "Price": 13.43,
            "ProductID": "17_2"
        },
        {
            "Price": 21.45,
            "ProductID": "17_3"
        },
        {
            "Price": 11.71,
            "ProductID": "18_1"
        },
        {
            "Price": 19.82,
            "ProductID": "18_2"
        },
        {
            "Price": 11.59,
            "ProductID": "18_3"
        },
        {
            "Price": 6.68,
            "ProductID": "19_1"
        },
        {
            "Price": 14.49,
            "ProductID": "19_2"
        },
        {
            "Price": 15.26,
            "ProductID": "19_3"
        },
        {
            "Price": 12.15,
            "ProductID": "20_1"
        },
        {
            "Price": 10.15,
            "ProductID": "20_2"
        },
        {
            "Price": 16.39,
            "ProductID": "20_3"
        }
    ],
    "StoreID": 2
}