{
    "PriceDate": "2018-04-10 00:00:00",
    "PriceUpdates": [
        {
            "Price": 12.78,
            "ProductID": "1_1"
        },
        {
            "Price": 19.01,
            "ProductID": "1_2"
        },
        {
            "Price": 18.7,
            "ProductID": "1_3"
        },
        {
            "Price": 11.23,
            "ProductID": "2_1"
        },
        {
            "Price": 14.99,
            "ProductID": "2_2"
        },
        {
            "Price": 20.78,
            "ProductID": "2_3"
        },
        {
            "Price": 10.07,
            "ProductID": "3_1"
        },
        {
            "Price": 11.25,
            "ProductID": "3_2"
        },
        {
            "Price": 16.79,
            "ProductID": "3_3"
        },
        {
            "Price": 13.11,
            "ProductID": "4_1"
        },
        {
            "Price": 13.08,
            "ProductID": "4_2"
        },
        {
            "Price": 19.55,
            "ProductID": "4_3"
        },
        {
            "Price": 24.32,
            "ProductID": "5_1"
        },
        {
            "Price": 15.58,
            "ProductID": "5_2"
        },
        {
            "Price": 13.39,
            "ProductID": "5_3"
        },
        {
            "Price": 12.41,
            "ProductID": "6_1"
        },
        {
            "Price": 13.76,
            "ProductID": "6_2"
        },
        {
            "Price": 18.28,
            "ProductID": "6_3"
        },
        {
            "Price": 16.33,
            "ProductID": "7_1"
        },
        {
            "Price": 8.99,
            "ProductID": "7_2"
        },
        {
            "Price": 13.76,
            "ProductID": "7_3"
        },
        {
            "Price": 14.4,
            "ProductID": "8_1"
        },
        {
            "Price": 24.69,
            "ProductID": "8_2"
        },
        {
            "Price": 13.25,
            "ProductID": "8_3"
        },
        {
            "Price": 13.51,
            "ProductID": "9_1"
        },
        {
            "Price": 10.2,
            "ProductID": "9_2"
        },
        {
            "Price": 20.95,
            "ProductID": "9_3"
        },
        {
            "Price": 18.7,
            "ProductID": "10_1"
        },
        {
            "Price": 10.02,
            "ProductID": "10_2"
        },
        {
            "Price": 14.16,
            "ProductID": "10_3"
        },
        {
            "Price": 13.5,
            "ProductID": "11_1"
        },
        {
            "Price": 19.54,
            "ProductID": "11_2"
        },
        {
            "Price": 14.41,
            "ProductID": "11_3"
        },
        {
            "Price": 13.11,
            "ProductID": "12_1"
        },
        {
            "Price": 17.44,
            "ProductID": "12_2"
        },
        {
            "Price": 6.77,
            "ProductID": "12_3"
        },
        {
            "Price": 15.21,
            "ProductID": "13_1"
        },
        {
            "Price": 19.5,
            "ProductID": "13_2"
        },
        {
            "Price": 17.1,
            "ProductID": "13_3"
        },
        {
            "Price": 15.44,
            "ProductID": "14_1"
        },
        {
            "Price": 17.43,
            "ProductID": "14_2"
        },
        {
            "Price": 12.21,
            "ProductID": "14_3"
        },
        {
            "Price": 12.25,
            "ProductID": "15_1"
        },
        {
            "Price": 13.77,
            "ProductID": "15_2"
        },
        {
            "Price": 18.04,
            "ProductID": "15_3"
        },
        {
            "Price": 15.4,
            "ProductID": "16_1"
        },
        {
            "Price": 20.25,
            "ProductID": "16_2"
        },
        {
            "Price": 14.13,
            "ProductID": "16_3"
        },
        {
            "Price": 9.63,
            "ProductID": "17_1"
        },
        {
            "Price": 18.11,
            "ProductID": "17_2"
        },
        {
            "Price": 14.89,
            "ProductID": "17_3"
        },
        {
            "Price": 12.63,
            "ProductID": "18_1"
        },
        {
            "Price": 14.65,
            "ProductID": "18_2"
        },
        {
            "Price": 12.96,
            "ProductID": "18_3"
        },
        {
            "Price": 6.68,
            "ProductID": "19_1"
        },
        {
            "Price": 16.6,
            "ProductID": "19_2"
        },
        {
            "Price": 20.49,
            "ProductID": "19_3"
        },
        {
            "Price": 15.74,
            "ProductID": "20_1"
        },
        {
            "Price": 10.21,
            "ProductID": "20_2"
        },
        {
            "Price": 18.99,
            "ProductID": "20_3"
        }
    ],
    "StoreID": 1
}