{
    "PriceDate": "2018-02-27 00:00:00",
    "PriceUpdates": [
        {
            "Price": 13.42,
            "ProductID": "1_1"
        },
        {
            "Price": 9.99,
            "ProductID": "1_2"
        },
        {
            "Price": 19.59,
            "ProductID": "1_3"
        },
        {
            "Price": 13.29,
            "ProductID": "2_1"
        },
        {
            "Price": 12.37,
            "ProductID": "2_2"
        },
        {
            "Price": 16.82,
            "ProductID": "2_3"
        },
        {
            "Price": 11.95,
            "ProductID": "3_1"
        },
        {
            "Price": 12.38,
            "ProductID": "3_2"
        },
        {
            "Price": 14.65,
            "ProductID": "3_3"
        },
        {
            "Price": 12.22,
            "ProductID": "4_1"
        },
        {
            "Price": 10.71,
            "ProductID": "4_2"
        },
        {
            "Price": 17.85,
            "ProductID": "4_3"
        },
        {
            "Price": 24.04,
            "ProductID": "5_1"
        },
        {
            "Price": 11.99,
            "ProductID": "5_2"
        },
        {
            "Price": 6.93,
            "ProductID": "5_3"
        },
        {
            "Price": 12.11,
            "ProductID": "6_1"
        },
        {
            "Price": 27.02,
            "ProductID": "6_2"
        },
        {
            "Price": 14.34,
            "ProductID": "6_3"
        },
        {
            "Price": 18.07,
            "ProductID": "7_1"
        },
        {
            "Price": 9.19,
            "ProductID": "7_2"
        },
        {
            "Price": 16.54,
            "ProductID": "7_3"
        },
        {
            "Price": 10.0,
            "ProductID": "8_1"
        },
        {
            "Price": 24.72,
            "ProductID": "8_2"
        },
        {
            "Price": 19.73,
            "ProductID": "8_3"
        },
        {
            "Price": 7.1,
            "ProductID": "9_1"
        },
        {
            "Price": 7.27,
            "ProductID": "9_2"
        },
        {
            "Price": 12.98,
            "ProductID": "9_3"
        },
        {
            "Price": 18.49,
            "ProductID": "10_1"
        },
        {
            "Price": 11.18,
            "ProductID": "10_2"
        },
        {
            "Price": 16.08,
            "ProductID": "10_3"
        },
        {
            "Price": 8.65,
            "ProductID": "11_1"
        },
        {
            "Price": 22.95,
            "ProductID": "11_2"
        },
        {
            "Price": 14.28,
            "ProductID": "11_3"
        },
        {
            "Price": 15.79,
            "ProductID": "12_1"
        },
        {
            "Price": 15.05,
            "ProductID": "12_2"
        },
        {
            "Price": 12.51,
            "ProductID": "12_3"
        },
        {
            "Price": 19.41,
            "ProductID": "13_1"
        },
        {
            "Price": 18.2,
            "ProductID": "13_2"
        },
        {
            "Price": 6.83,
            "ProductID": "13_3"
        },
        {
            "Price": 13.65,
            "ProductID": "14_1"
        },
        {
            "Price": 19.67,
            "ProductID": "14_2"
        },
        {
            "Price": 22.97,
            "ProductID": "14_3"
        },
        {
            "Price": 14.6,
            "ProductID": "15_1"
        },
        {
            "Price": 15.1,
            "ProductID": "15_2"
        },
        {
            "Price": 18.94,
            "ProductID": "15_3"
        },
        {
            "Price": 21.47,
            "ProductID": "16_1"
        },
        {
            "Price": 23.58,
            "ProductID": "16_2"
        },
        {
            "Price": 9.07,
            "ProductID": "16_3"
        },
        {
            "Price": 14.67,
            "ProductID": "17_1"
        },
        {
            "Price": 17.36,
            "ProductID": "17_2"
        },
        {
            "Price": 11.08,
            "ProductID": "17_3"
        },
        {
            "Price": 13.73,
            "ProductID": "18_1"
        },
        {
            "Price": 17.66,
            "ProductID": "18_2"
        },
        {
            "Price": 11.74,
            "ProductID": "18_3"
        },
        {
            "Price": 7.15,
            "ProductID": "19_1"
        },
        {
            "Price": 10.38,
            "ProductID": "19_2"
        },
        {
            "Price": 24.42,
            "ProductID": "19_3"
        },
        {
            "Price": 9.39,
            "ProductID": "20_1"
        },
        {
            "Price": 18.6,
            "ProductID": "20_2"
        },
        {
            "Price": 21.05,
            "ProductID": "20_3"
        }
    ],
    "StoreID": 3
}