{
    "PriceDate": "2018-04-24 00:00:00",
    "PriceUpdates": [
        {
            "Price": 16.12,
            "ProductID": "1_1"
        },
        {
            "Price": 13.76,
            "ProductID": "1_2"
        },
        {
            "Price": 19.14,
            "ProductID": "1_3"
        },
        {
            "Price": 9.18,
            "ProductID": "2_1"
        },
        {
            "Price": 19.78,
            "ProductID": "2_2"
        },
        {
            "Price": 18.7,
            "ProductID": "2_3"
        },
        {
            "Price": 15.28,
            "ProductID": "3_1"
        },
        {
            "Price": 19.57,
            "ProductID": "3_2"
        },
        {
            "Price": 11.63,
            "ProductID": "3_3"
        },
        {
            "Price": 17.36,
            "ProductID": "4_1"
        },
        {
            "Price": 7.59,
            "ProductID": "4_2"
        },
        {
            "Price": 16.54,
            "ProductID": "4_3"
        },
        {
            "Price": 15.09,
            "ProductID": "5_1"
        },
        {
            "Price": 13.52,
            "ProductID": "5_2"
        },
        {
            "Price": 7.38,
            "ProductID": "5_3"
        },
        {
            "Price": 12.61,
            "ProductID": "6_1"
        },
        {
            "Price": 12.73,
            "ProductID": "6_2"
        },
        {
            "Price": 9.79,
            "ProductID": "6_3"
        },
        {
            "Price": 15.44,
            "ProductID": "7_1"
        },
        {
            "Price": 14.68,
            "ProductID": "7_2"
        },
        {
            "Price": 15.12,
            "ProductID": "7_3"
        },
        {
            "Price": 15.26,
            "ProductID": "8_1"
        },
        {
            "Price": 13.51,
            "ProductID": "8_2"
        },
        {
            "Price": 10.07,
            "ProductID": "8_3"
        },
        {
            "Price": 9.74,
            "ProductID": "9_1"
        },
        {
            "Price": 11.17,
            "ProductID": "9_2"
        },
        {
            "Price": 20.55,
            "ProductID": "9_3"
        },
        {
            "Price": 18.67,
            "ProductID": "10_1"
        },
        {
            "Price": 15.65,
            "ProductID": "10_2"
        },
        {
            "Price": 17.03,
            "ProductID": "10_3"
        },
        {
            "Price": 13.84,
            "ProductID": "11_1"
        },
        {
            "Price": 16.11,
            "ProductID": "11_2"
        },
        {
            "Price": 21.48,
            "ProductID": "11_3"
        },
        {
            "Price": 17.06,
            "ProductID": "12_1"
        },
        {
            "Price": 17.83,
            "ProductID": "12_2"
        },
        {
            "Price": 10.57,
            "ProductID": "12_3"
        },
        {
            "Price": 13.52,
            "ProductID": "13_1"
        },
        {
            "Price": 21.31,
            "ProductID": "13_2"
        },
        {
            "Price": 12.43,
            "ProductID": "13_3"
        },
        {
            "Price": 11.94,
            "ProductID": "14_1"
        },
        {
            "Price": 20.6,
            "ProductID": "14_2"
        },
        {
            "Price": 22.43,
            "ProductID": "14_3"
        },
        {
            "Price": 16.73,
            "ProductID": "15_1"
        },
        {
            "Price": 10.9,
            "ProductID": "15_2"
        },
        {
            "Price": 15.33,
            "ProductID": "15_3"
        },
        {
            "Price": 18.98,
            "ProductID": "16_1"
        },
        {
            "Price": 22.2,
            "ProductID": "16_2"
        },
        {
            "Price": 12.41,
            "ProductID": "16_3"
        },
        {
            "Price": 11.74,
            "ProductID": "17_1"
        },
        {
            "Price": 13.17,
            "ProductID": "17_2"
        },
        {
            "Price": 14.01,
            "ProductID": "17_3"
        },
        {
            "Price": 10.4,
            "ProductID": "18_1"
        },
        {
            "Price": 9.91,
            "ProductID": "18_2"
        },
        {
            "Price": 9.72,
            "ProductID": "18_3"
        },
        {
            "Price": 6.99,
            "ProductID": "19_1"
        },
        {
            "Price": 16.87,
            "ProductID": "19_2"
        },
        {
            "Price": 18.64,
            "ProductID": "19_3"
        },
        {
            "Price": 14.33,
            "ProductID": "20_1"
        },
        {
            "Price": 18.82,
            "ProductID": "20_2"
        },
        {
            "Price": 17.49,
            "ProductID": "20_3"
        }
    ],
    "StoreID": 1
}