{
    "PriceDate": "2018-02-27 00:00:00",
    "PriceUpdates": [
        {
            "Price": 14.88,
            "ProductID": "1_1"
        },
        {
            "Price": 20.29,
            "ProductID": "1_2"
        },
        {
            "Price": 18.11,
            "ProductID": "1_3"
        },
        {
            "Price": 17.62,
            "ProductID": "2_1"
        },
        {
            "Price": 17.79,
            "ProductID": "2_2"
        },
        {
            "Price": 17.06,
            "ProductID": "2_3"
        },
        {
            "Price": 12.13,
            "ProductID": "3_1"
        },
        {
            "Price": 18.96,
            "ProductID": "3_2"
        },
        {
            "Price": 12.14,
            "ProductID": "3_3"
        },
        {
            "Price": 15.92,
            "ProductID": "4_1"
        },
        {
            "Price": 14.92,
            "ProductID": "4_2"
        },
        {
            "Price": 22.0,
            "ProductID": "4_3"
        },
        {
            "Price": 22.43,
            "ProductID": "5_1"
        },
        {
            "Price": 13.14,
            "ProductID": "5_2"
        },
        {
            "Price": 12.61,
            "ProductID": "5_3"
        },
        {
            "Price": 12.93,
            "ProductID": "6_1"
        },
        {
            "Price": 15.76,
            "ProductID": "6_2"
        },
        {
            "Price": 17.84,
            "ProductID": "6_3"
        },
        {
            "Price": 20.09,
            "ProductID": "7_1"
        },
        {
            "Price": 15.73,
            "ProductID": "7_2"
        },
        {
            "Price": 10.55,
            "ProductID": "7_3"
        },
        {
            "Price": 13.11,
            "ProductID": "8_1"
        },
        {
            "Price": 18.16,
            "ProductID": "8_2"
        },
        {
            "Price": 17.64,
            "ProductID": "8_3"
        },
        {
            "Price": 9.97,
            "ProductID": "9_1"
        },
        {
            "Price": 9.95,
            "ProductID": "9_2"
        },
        {
            "Price": 17.53,
            "ProductID": "9_3"
        },
        {
            "Price": 19.32,
            "ProductID": "10_1"
        },
        {
            "Price": 15.14,
            "ProductID": "10_2"
        },
        {
            "Price": 20.96,
            "ProductID": "10_3"
        },
        {
            "Price": 19.56,
            "ProductID": "11_1"
        },
        {
            "Price": 22.54,
            "ProductID": "11_2"
        },
        {
            "Price": 21.44,
            "ProductID": "11_3"
        },
        {
            "Price": 13.59,
            "ProductID": "12_1"
        },
        {
            "Price": 17.81,
            "ProductID": "12_2"
        },
        {
            "Price": 8.56,
            "ProductID": "12_3"
        },
        {
            "Price": 10.05,
            "ProductID": "13_1"
        },
        {
            "Price": 18.44,
            "ProductID": "13_2"
        },
        {
            "Price": 17.11,
            "ProductID": "13_3"
        },
        {
            "Price": 15.29,
            "ProductID": "14_1"
        },
        {
            "Price": 11.9,
            "ProductID": "14_2"
        },
        {
            "Price": 23.97,
            "ProductID": "14_3"
        },
        {
            "Price": 14.07,
            "ProductID": "15_1"
        },
        {
            "Price": 15.84,
            "ProductID": "15_2"
        },
        {
            "Price": 12.24,
            "ProductID": "15_3"
        },
        {
            "Price": 15.21,
            "ProductID": "16_1"
        },
        {
            "Price": 18.52,
            "ProductID": "16_2"
        },
        {
            "Price": 11.11,
            "ProductID": "16_3"
        },
        {
            "Price": 13.58,
            "ProductID": "17_1"
        },
        {
            "Price": 16.28,
            "ProductID": "17_2"
        },
        {
            "Price": 13.1,
            "ProductID": "17_3"
        },
        {
            "Price": 14.94,
            "ProductID": "18_1"
        },
        {
            "Price": 15.77,
            "ProductID": "18_2"
        },
        {
            "Price": 12.53,
            "ProductID": "18_3"
        },
        {
            "Price": 7.26,
            "ProductID": "19_1"
        },
        {
            "Price": 19.46,
            "ProductID": "19_2"
        },
        {
            "Price": 16.72,
            "ProductID": "19_3"
        },
        {
            "Price": 11.94,
            "ProductID": "20_1"
        },
        {
            "Price": 13.13,
            "ProductID": "20_2"
        },
        {
            "Price": 16.65,
            "ProductID": "20_3"
        }
    ],
    "StoreID": 1
}