{
    "PriceDate": "2018-03-27 00:00:00",
    "PriceUpdates": [
        {
            "Price": 15.12,
            "ProductID": "1_1"
        },
        {
            "Price": 16.47,
            "ProductID": "1_2"
        },
        {
            "Price": 17.96,
            "ProductID": "1_3"
        },
        {
            "Price": 9.21,
            "ProductID": "2_1"
        },
        {
            "Price": 19.09,
            "ProductID": "2_2"
        },
        {
            "Price": 14.94,
            "ProductID": "2_3"
        },
        {
            "Price": 12.23,
            "ProductID": "3_1"
        },
        {
            "Price": 17.84,
            "ProductID": "3_2"
        },
        {
            "Price": 14.54,
            "ProductID": "3_3"
        },
        {
            "Price": 17.46,
            "ProductID": "4_1"
        },
        {
            "Price": 15.86,
            "ProductID": "4_2"
        },
        {
            "Price": 21.79,
            "ProductID": "4_3"
        },
        {
            "Price": 24.33,
            "ProductID": "5_1"
        },
        {
            "Price": 14.31,
            "ProductID": "5_2"
        },
        {
            "Price": 7.08,
            "ProductID": "5_3"
        },
        {
            "Price": 12.79,
            "ProductID": "6_1"
        },
        {
            "Price": 27.06,
            "ProductID": "6_2"
        },
        {
            "Price": 14.29,
            "ProductID": "6_3"
        },
        {
            "Price": 23.06,
            "ProductID": "7_1"
        },
        {
            "Price": 13.39,
            "ProductID": "7_2"
        },
        {
            "Price": 15.24,
            "ProductID": "7_3"
        },
        {
            "Price": 15.32,
            "ProductID": "8_1"
        },
        {
            "Price": 21.46,
            "ProductID": "8_2"
        },
        {
            "Price": 17.57,
            "ProductID": "8_3"
        },
        {
            "Price": 7.79,
            "ProductID": "9_1"
        },
        {
            "Price": 11.99,
            "ProductID": "9_2"
        },
        {
            "Price": 17.06,
            "ProductID": "9_3"
        },
        {
            "Price": 19.63,
            "ProductID": "10_1"
        },
        {
            "Price": 9.56,
            "ProductID": "10_2"
        },
        {
            "Price": 13.53,
            "ProductID": "10_3"
        },
        {
            "Price": 18.35,
            "ProductID": "11_1"
        },
        {
            "Price": 19.75,
            "ProductID": "11_2"
        },
        {
            "Price": 11.97,
            "ProductID": "11_3"
        },
        {
            "Price": 15.4,
            "ProductID": "12_1"
        },
        {
            "Price": 16.21,
            "ProductID": "12_2"
        },
        {
            "Price": 5.99,
            "ProductID": "12_3"
        },
        {
            "Price": 13.51,
            "ProductID": "13_1"
        },
        {
            "Price": 19.99,
            "ProductID": "13_2"
        },
        {
            "Price": 15.06,
            "ProductID": "13_3"
        },
        {
            "Price": 16.87,
            "ProductID": "14_1"
        },
        {
            "Price": 16.18,
            "ProductID": "14_2"
        },
        {
            "Price": 23.7,
            "ProductID": "14_3"
        },
        {
            "Price": 17.18,
            "ProductID": "15_1"
        },
        {
            "Price": 14.15,
            "ProductID": "15_2"
        },
        {
            "Price": 17.87,
            "ProductID": "15_3"
        },
        {
            "Price": 21.17,
            "ProductID": "16_1"
        },
        {
            "Price": 24.1,
            "ProductID": "16_2"
        },
        {
            "Price": 13.09,
            "ProductID": "16_3"
        },
        {
            "Price": 11.46,
            "ProductID": "17_1"
        },
        {
            "Price": 13.29,
            "ProductID": "17_2"
        },
        {
            "Price": 13.78,
            "ProductID": "17_3"
        },
        {
            "Price": 15.23,
            "ProductID": "18_1"
        },
        {
            "Price": 16.85,
            "ProductID": "18_2"
        },
        {
            "Price": 11.82,
            "ProductID": "18_3"
        },
        {
            "Price": 6.83,
            "ProductID": "19_1"
        },
        {
            "Price": 18.68,
            "ProductID": "19_2"
        },
        {
            "Price": 20.87,
            "ProductID": "19_3"
        },
        {
            "Price": 14.85,
            "ProductID": "20_1"
        },
        {
            "Price": 20.15,
            "ProductID": "20_2"
        },
        {
            "Price": 14.92,
            "ProductID": "20_3"
        }
    ],
    "StoreID": 6
}