{
    "PriceDate": "2018-03-20 00:00:00",
    "PriceUpdates": [
        {
            "Price": 14.93,
            "ProductID": "1_1"
        },
        {
            "Price": 16.67,
            "ProductID": "1_2"
        },
        {
            "Price": 19.13,
            "ProductID": "1_3"
        },
        {
            "Price": 17.75,
            "ProductID": "2_1"
        },
        {
            "Price": 19.47,
            "ProductID": "2_2"
        },
        {
            "Price": 20.56,
            "ProductID": "2_3"
        },
        {
            "Price": 16.84,
            "ProductID": "3_1"
        },
        {
            "Price": 16.16,
            "ProductID": "3_2"
        },
        {
            "Price": 17.7,
            "ProductID": "3_3"
        },
        {
            "Price": 17.18,
            "ProductID": "4_1"
        },
        {
            "Price": 13.84,
            "ProductID": "4_2"
        },
        {
            "Price": 19.54,
            "ProductID": "4_3"
        },
        {
            "Price": 16.99,
            "ProductID": "5_1"
        },
        {
            "Price": 12.46,
            "ProductID": "5_2"
        },
        {
            "Price": 10.06,
            "ProductID": "5_3"
        },
        {
            "Price": 12.25,
            "ProductID": "6_1"
        },
        {
            "Price": 11.87,
            "ProductID": "6_2"
        },
        {
            "Price": 17.33,
            "ProductID": "6_3"
        },
        {
            "Price": 20.31,
            "ProductID": "7_1"
        },
        {
            "Price": 13.45,
            "ProductID": "7_2"
        },
        {
            "Price": 15.58,
            "ProductID": "7_3"
        },
        {
            "Price": 7.0,
            "ProductID": "8_1"
        },
        {
            "Price": 14.44,
            "ProductID": "8_2"
        },
        {
            "Price": 6.34,
            "ProductID": "8_3"
        },
        {
            "Price": 11.25,
            "ProductID": "9_1"
        },
        {
            "Price": 12.67,
            "ProductID": "9_2"
        },
        {
            "Price": 13.64,
            "ProductID": "9_3"
        },
        {
            "Price": 15.45,
            "ProductID": "10_1"
        },
        {
            "Price": 11.79,
            "ProductID": "10_2"
        },
        {
            "Price": 22.86,
            "ProductID": "10_3"
        },
        {
            "Price": 11.2,
            "ProductID": "11_1"
        },
        {
            "Price": 19.56,
            "ProductID": "11_2"
        },
        {
            "Price": 11.26,
            "ProductID": "11_3"
        },
        {
            "Price": 13.19,
            "ProductID": "12_1"
        },
        {
            "Price": 15.6,
            "ProductID": "12_2"
        },
        {
            "Price": 8.74,
            "ProductID": "12_3"
        },
        {
            "Price": 12.87,
            "ProductID": "13_1"
        },
        {
            "Price": 22.33,
            "ProductID": "13_2"
        },
        {
            "Price": 12.0,
            "ProductID": "13_3"
        },
        {
            "Price": 12.05,
            "ProductID": "14_1"
        },
        {
            "Price": 16.33,
            "ProductID": "14_2"
        },
        {
            "Price": 23.95,
            "ProductID": "14_3"
        },
        {
            "Price": 15.08,
            "ProductID": "15_1"
        },
        {
            "Price": 14.38,
            "ProductID": "15_2"
        },
        {
            "Price": 17.06,
            "ProductID": "15_3"
        },
        {
            "Price": 13.78,
            "ProductID": "16_1"
        },
        {
            "Price": 14.25,
            "ProductID": "16_2"
        },
        {
            "Price": 8.7,
            "ProductID": "16_3"
        },
        {
            "Price": 10.9,
            "ProductID": "17_1"
        },
        {
            "Price": 19.0,
            "ProductID": "17_2"
        },
        {
            "Price": 16.67,
            "ProductID": "17_3"
        },
        {
            "Price": 15.38,
            "ProductID": "18_1"
        },
        {
            "Price": 10.26,
            "ProductID": "18_2"
        },
        {
            "Price": 9.45,
            "ProductID": "18_3"
        },
        {
            "Price": 6.74,
            "ProductID": "19_1"
        },
        {
            "Price": 19.33,
            "ProductID": "19_2"
        },
        {
            "Price": 16.81,
            "ProductID": "19_3"
        },
        {
            "Price": 9.48,
            "ProductID": "20_1"
        },
        {
            "Price": 18.93,
            "ProductID": "20_2"
        },
        {
            "Price": 22.7,
            "ProductID": "20_3"
        }
    ],
    "StoreID": 6
}