{
    "PriceDate": "2018-05-15 00:00:00",
    "PriceUpdates": [
        {
            "Price": 15.93,
            "ProductID": "1_1"
        },
        {
            "Price": 21.29,
            "ProductID": "1_2"
        },
        {
            "Price": 18.26,
            "ProductID": "1_3"
        },
        {
            "Price": 7.72,
            "ProductID": "2_1"
        },
        {
            "Price": 15.22,
            "ProductID": "2_2"
        },
        {
            "Price": 17.15,
            "ProductID": "2_3"
        },
        {
            "Price": 10.88,
            "ProductID": "3_1"
        },
        {
            "Price": 16.14,
            "ProductID": "3_2"
        },
        {
            "Price": 17.24,
            "ProductID": "3_3"
        },
        {
            "Price": 17.53,
            "ProductID": "4_1"
        },
        {
            "Price": 14.41,
            "ProductID": "4_2"
        },
        {
            "Price": 16.21,
            "ProductID": "4_3"
        },
        {
            "Price": 17.74,
            "ProductID": "5_1"
        },
        {
            "Price": 14.65,
            "ProductID": "5_2"
        },
        {
            "Price": 12.46,
            "ProductID": "5_3"
        },
        {
            "Price": 12.01,
            "ProductID": "6_1"
        },
        {
            "Price": 12.71,
            "ProductID": "6_2"
        },
        {
            "Price": 15.75,
            "ProductID": "6_3"
        },
        {
            "Price": 14.62,
            "ProductID": "7_1"
        },
        {
            "Price": 14.2,
            "ProductID": "7_2"
        },
        {
            "Price": 13.49,
            "ProductID": "7_3"
        },
        {
            "Price": 9.03,
            "ProductID": "8_1"
        },
        {
            "Price": 17.67,
            "ProductID": "8_2"
        },
        {
            "Price": 12.32,
            "ProductID": "8_3"
        },
        {
            "Price": 9.56,
            "ProductID": "9_1"
        },
        {
            "Price": 10.46,
            "ProductID": "9_2"
        },
        {
            "Price": 15.25,
            "ProductID": "9_3"
        },
        {
            "Price": 15.77,
            "ProductID": "10_1"
        },
        {
            "Price": 15.44,
            "ProductID": "10_2"
        },
        {
            "Price": 22.52,
            "ProductID": "10_3"
        },
        {
            "Price": 17.52,
            "ProductID": "11_1"
        },
        {
            "Price": 17.63,
            "ProductID": "11_2"
        },
        {
            "Price": 10.44,
            "ProductID": "11_3"
        },
        {
            "Price": 20.48,
            "ProductID": "12_1"
        },
        {
            "Price": 16.53,
            "ProductID": "12_2"
        },
        {
            "Price": 5.29,
            "ProductID": "12_3"
        },
        {
            "Price": 18.36,
            "ProductID": "13_1"
        },
        {
            "Price": 14.93,
            "ProductID": "13_2"
        },
        {
            "Price": 7.64,
            "ProductID": "13_3"
        },
        {
            "Price": 15.24,
            "ProductID": "14_1"
        },
        {
            "Price": 11.25,
            "ProductID": "14_2"
        },
        {
            "Price": 9.83,
            "ProductID": "14_3"
        },
        {
            "Price": 13.62,
            "ProductID": "15_1"
        },
        {
            "Price": 16.14,
            "ProductID": "15_2"
        },
        {
            "Price": 14.4,
            "ProductID": "15_3"
        },
        {
            "Price": 24.13,
            "ProductID": "16_1"
        },
        {
            "Price": 11.35,
            "ProductID": "16_2"
        },
        {
            "Price": 13.06,
            "ProductID": "16_3"
        },
        {
            "Price": 9.49,
            "ProductID": "17_1"
        },
        {
            "Price": 17.56,
            "ProductID": "17_2"
        },
        {
            "Price": 21.12,
            "ProductID": "17_3"
        },
        {
            "Price": 12.46,
            "ProductID": "18_1"
        },
        {
            "Price": 15.18,
            "ProductID": "18_2"
        },
        {
            "Price": 12.55,
            "ProductID": "18_3"
        },
        {
            "Price": 6.88,
            "ProductID": "19_1"
        },
        {
            "Price": 12.18,
            "ProductID": "19_2"
        },
        {
            "Price": 20.75,
            "ProductID": "19_3"
        },
        {
            "Price": 12.97,
            "ProductID": "20_1"
        },
        {
            "Price": 13.19,
            "ProductID": "20_2"
        },
        {
            "Price": 26.89,
            "ProductID": "20_3"
        }
    ],
    "StoreID": 2
}