{
    "PriceDate": "2018-02-06 00:00:00",
    "PriceUpdates": [
        {
            "Price": 16.48,
            "ProductID": "1_1"
        },
        {
            "Price": 7.68,
            "ProductID": "1_2"
        },
        {
            "Price": 19.02,
            "ProductID": "1_3"
        },
        {
            "Price": 11.29,
            "ProductID": "2_1"
        },
        {
            "Price": 19.46,
            "ProductID": "2_2"
        },
        {
            "Price": 19.13,
            "ProductID": "2_3"
        },
        {
            "Price": 9.76,
            "ProductID": "3_1"
        },
        {
            "Price": 20.1,
            "ProductID": "3_2"
        },
        {
            "Price": 16.53,
            "ProductID": "3_3"
        },
        {
            "Price": 11.98,
            "ProductID": "4_1"
        },
        {
            "Price": 15.92,
            "ProductID": "4_2"
        },
        {
            "Price": 18.23,
            "ProductID": "4_3"
        },
        {
            "Price": 12.2,
            "ProductID": "5_1"
        },
        {
            "Price": 15.2,
            "ProductID": "5_2"
        },
        {
            "Price": 7.56,
            "ProductID": "5_3"
        },
        {
            "Price": 12.79,
            "ProductID": "6_1"
        },
        {
            "Price": 16.74,
            "ProductID": "6_2"
        },
        {
            "Price": 17.49,
            "ProductID": "6_3"
        },
        {
            "Price": 22.29,
            "ProductID": "7_1"
        },
        {
            "Price": 17.49,
            "ProductID": "7_2"
        },
        {
            "Price": 16.58,
            "ProductID": "7_3"
        },
        {
            "Price": 16.58,
            "ProductID": "8_1"
        },
        {
            "Price": 17.8,
            "ProductID": "8_2"
        },
        {
            "Price": 19.71,
            "ProductID": "8_3"
        },
        {
            "Price": 10.1,
            "ProductID": "9_1"
        },
        {
            "Price": 9.51,
            "ProductID": "9_2"
        },
        {
            "Price": 15.14,
            "ProductID": "9_3"
        },
        {
            "Price": 18.43,
            "ProductID": "10_1"
        },
        {
            "Price": 12.76,
            "ProductID": "10_2"
        },
        {
            "Price": 15.03,
            "ProductID": "10_3"
        },
        {
            "Price": 10.58,
            "ProductID": "11_1"
        },
        {
            "Price": 18.59,
            "ProductID": "11_2"
        },
        {
            "Price": 22.21,
            "ProductID": "11_3"
        },
        {
            "Price": 20.15,
            "ProductID": "12_1"
        },
        {
            "Price": 14.82,
            "ProductID": "12_2"
        },
        {
            "Price": 5.16,
            "ProductID": "12_3"
        },
        {
            "Price": 9.9,
            "ProductID": "13_1"
        },
        {
            "Price": 20.0,
            "ProductID": "13_2"
        },
        {
            "Price": 15.38,
            "ProductID": "13_3"
        },
        {
            "Price": 15.68,
            "ProductID": "14_1"
        },
        {
            "Price": 14.87,
            "ProductID": "14_2"
        },
        {
            "Price": 12.16,
            "ProductID": "14_3"
        },
        {
            "Price": 12.49,
            "ProductID": "15_1"
        },
        {
            "Price": 14.57,
            "ProductID": "15_2"
        },
        {
            "Price": 16.19,
            "ProductID": "15_3"
        },
        {
            "Price": 14.19,
            "ProductID": "16_1"
        },
        {
            "Price": 12.53,
            "ProductID": "16_2"
        },
        {
            "Price": 13.03,
            "ProductID": "16_3"
        },
        {
            "Price": 11.46,
            "ProductID": "17_1"
        },
        {
            "Price": 13.04,
            "ProductID": "17_2"
        },
        {
            "Price": 15.31,
            "ProductID": "17_3"
        },
        {
            "Price": 10.36,
            "ProductID": "18_1"
        },
        {
            "Price": 18.17,
            "ProductID": "18_2"
        },
        {
            "Price": 9.25,
            "ProductID": "18_3"
        },
        {
            "Price": 7.17,
            "ProductID": "19_1"
        },
        {
            "Price": 17.28,
            "ProductID": "19_2"
        },
        {
            "Price": 16.97,
            "ProductID": "19_3"
        },
        {
            "Price": 10.08,
            "ProductID": "20_1"
        },
        {
            "Price": 15.23,
            "ProductID": "20_2"
        },
        {
            "Price": 21.85,
            "ProductID": "20_3"
        }
    ],
    "StoreID": 5
}