{
    "PriceDate": "2018-06-26 00:00:00",
    "PriceUpdates": [
        {
            "Price": 14.47,
            "ProductID": "1_1"
        },
        {
            "Price": 10.72,
            "ProductID": "1_2"
        },
        {
            "Price": 19.03,
            "ProductID": "1_3"
        },
        {
            "Price": 18.89,
            "ProductID": "2_1"
        },
        {
            "Price": 19.25,
            "ProductID": "2_2"
        },
        {
            "Price": 14.29,
            "ProductID": "2_3"
        },
        {
            "Price": 14.13,
            "ProductID": "3_1"
        },
        {
            "Price": 14.4,
            "ProductID": "3_2"
        },
        {
            "Price": 12.08,
            "ProductID": "3_3"
        },
        {
            "Price": 19.88,
            "ProductID": "4_1"
        },
        {
            "Price": 15.27,
            "ProductID": "4_2"
        },
        {
            "Price": 17.45,
            "ProductID": "4_3"
        },
        {
            "Price": 16.13,
            "ProductID": "5_1"
        },
        {
            "Price": 13.58,
            "ProductID": "5_2"
        },
        {
            "Price": 6.74,
            "ProductID": "5_3"
        },
        {
            "Price": 12.36,
            "ProductID": "6_1"
        },
        {
            "Price": 17.18,
            "ProductID": "6_2"
        },
        {
            "Price": 14.92,
            "ProductID": "6_3"
        },
        {
            "Price": 20.19,
            "ProductID": "7_1"
        },
        {
            "Price": 14.58,
            "ProductID": "7_2"
        },
        {
            "Price": 9.6,
            "ProductID": "7_3"
        },
        {
            "Price": 12.51,
            "ProductID": "8_1"
        },
        {
            "Price": 20.98,
            "ProductID": "8_2"
        },
        {
            "Price": 19.92,
            "ProductID": "8_3"
        },
        {
            "Price": 12.52,
            "ProductID": "9_1"
        },
        {
            "Price": 9.78,
            "ProductID": "9_2"
        },
        {
            "Price": 12.89,
            "ProductID": "9_3"
        },
        {
            "Price": 16.8,
            "ProductID": "10_1"
        },
        {
            "Price": 12.7,
            "ProductID": "10_2"
        },
        {
            "Price": 11.22,
            "ProductID": "10_3"
        },
        {
            "Price": 11.66,
            "ProductID": "11_1"
        },
        {
            "Price": 18.97,
            "ProductID": "11_2"
        },
        {
            "Price": 22.4,
            "ProductID": "11_3"
        },
        {
            "Price": 16.46,
            "ProductID": "12_1"
        },
        {
            "Price": 18.43,
            "ProductID": "12_2"
        },
        {
            "Price": 6.48,
            "ProductID": "12_3"
        },
        {
            "Price": 11.62,
            "ProductID": "13_1"
        },
        {
            "Price": 9.78,
            "ProductID": "13_2"
        },
        {
            "Price": 15.55,
            "ProductID": "13_3"
        },
        {
            "Price": 14.16,
            "ProductID": "14_1"
        },
        {
            "Price": 19.45,
            "ProductID": "14_2"
        },
        {
            "Price": 16.33,
            "ProductID": "14_3"
        },
        {
            "Price": 13.23,
            "ProductID": "15_1"
        },
        {
            "Price": 11.45,
            "ProductID": "15_2"
        },
        {
            "Price": 21.06,
            "ProductID": "15_3"
        },
        {
            "Price": 17.68,
            "ProductID": "16_1"
        },
        {
            "Price": 10.19,
            "ProductID": "16_2"
        },
        {
            "Price": 11.55,
            "ProductID": "16_3"
        },
        {
            "Price": 15.55,
            "ProductID": "17_1"
        },
        {
            "Price": 17.94,
            "ProductID": "17_2"
        },
        {
            "Price": 17.91,
            "ProductID": "17_3"
        },
        {
            "Price": 14.9,
            "ProductID": "18_1"
        },
        {
            "Price": 18.3,
            "ProductID": "18_2"
        },
        {
            "Price": 13.12,
            "ProductID": "18_3"
        },
        {
            "Price": 6.36,
            "ProductID": "19_1"
        },
        {
            "Price": 17.74,
            "ProductID": "19_2"
        },
        {
            "Price": 20.33,
            "ProductID": "19_3"
        },
        {
            "Price": 15.51,
            "ProductID": "20_1"
        },
        {
            "Price": 19.46,
            "ProductID": "20_2"
        },
        {
            "Price": 16.54,
            "ProductID": "20_3"
        }
    ],
    "StoreID": 6
}