{
    "PriceDate": "2018-02-13 00:00:00",
    "PriceUpdates": [
        {
            "Price": 17.04,
            "ProductID": "1_1"
        },
        {
            "Price": 11.27,
            "ProductID": "1_2"
        },
        {
            "Price": 19.57,
            "ProductID": "1_3"
        },
        {
            "Price": 9.25,
            "ProductID": "2_1"
        },
        {
            "Price": 11.2,
            "ProductID": "2_2"
        },
        {
            "Price": 18.54,
            "ProductID": "2_3"
        },
        {
            "Price": 12.83,
            "ProductID": "3_1"
        },
        {
            "Price": 9.52,
            "ProductID": "3_2"
        },
        {
            "Price": 12.95,
            "ProductID": "3_3"
        },
        {
            "Price": 18.29,
            "ProductID": "4_1"
        },
        {
            "Price": 9.18,
            "ProductID": "4_2"
        },
        {
            "Price": 15.62,
            "ProductID": "4_3"
        },
        {
            "Price": 23.94,
            "ProductID": "5_1"
        },
        {
            "Price": 10.14,
            "ProductID": "5_2"
        },
        {
            "Price": 8.19,
            "ProductID": "5_3"
        },
        {
            "Price": 11.23,
            "ProductID": "6_1"
        },
        {
            "Price": 18.88,
            "ProductID": "6_2"
        },
        {
            "Price": 14.92,
            "ProductID": "6_3"
        },
        {
            "Price": 22.76,
            "ProductID": "7_1"
        },
        {
            "Price": 13.2,
            "ProductID": "7_2"
        },
        {
            "Price": 9.52,
            "ProductID": "7_3"
        },
        {
            "Price": 16.52,
            "ProductID": "8_1"
        },
        {
            "Price": 23.79,
            "ProductID": "8_2"
        },
        {
            "Price": 11.57,
            "ProductID": "8_3"
        },
        {
            "Price": 6.62,
            "ProductID": "9_1"
        },
        {
            "Price": 13.34,
            "ProductID": "9_2"
        },
        {
            "Price": 20.34,
            "ProductID": "9_3"
        },
        {
            "Price": 18.71,
            "ProductID": "10_1"
        },
        {
            "Price": 15.54,
            "ProductID": "10_2"
        },
        {
            "Price": 23.21,
            "ProductID": "10_3"
        },
        {
            "Price": 10.96,
            "ProductID": "11_1"
        },
        {
            "Price": 22.46,
            "ProductID": "11_2"
        },
        {
            "Price": 16.29,
            "ProductID": "11_3"
        },
        {
            "Price": 20.03,
            "ProductID": "12_1"
        },
        {
            "Price": 18.54,
            "ProductID": "12_2"
        },
        {
            "Price": 11.32,
            "ProductID": "12_3"
        },
        {
            "Price": 19.48,
            "ProductID": "13_1"
        },
        {
            "Price": 19.99,
            "ProductID": "13_2"
        },
        {
            "Price": 11.96,
            "ProductID": "13_3"
        },
        {
            "Price": 15.53,
            "ProductID": "14_1"
        },
        {
            "Price": 18.09,
            "ProductID": "14_2"
        },
        {
            "Price": 22.08,
            "ProductID": "14_3"
        },
        {
            "Price": 12.75,
            "ProductID": "15_1"
        },
        {
            "Price": 13.73,
            "ProductID": "15_2"
        },
        {
            "Price": 22.41,
            "ProductID": "15_3"
        },
        {
            "Price": 21.37,
            "ProductID": "16_1"
        },
        {
            "Price": 19.5,
            "ProductID": "16_2"
        },
        {
            "Price": 12.06,
            "ProductID": "16_3"
        },
        {
            "Price": 15.27,
            "ProductID": "17_1"
        },
        {
            "Price": 15.4,
            "ProductID": "17_2"
        },
        {
            "Price": 20.26,
            "ProductID": "17_3"
        },
        {
            "Price": 12.53,
            "ProductID": "18_1"
        },
        {
            "Price": 16.83,
            "ProductID": "18_2"
        },
        {
            "Price": 12.57,
            "ProductID": "18_3"
        },
        {
            "Price": 7.05,
            "ProductID": "19_1"
        },
        {
            "Price": 19.03,
            "ProductID": "19_2"
        },
        {
            "Price": 20.94,
            "ProductID": "19_3"
        },
        {
            "Price": 11.3,
            "ProductID": "20_1"
        },
        {
            "Price": 19.99,
            "ProductID": "20_2"
        },
        {
            "Price": 19.22,
            "ProductID": "20_3"
        }
    ],
    "StoreID": 4
}